"Tr","x1","x2","x3","M","Y"
1,-11.973731016678,-20.9356351610841,33.3182816553851,13.4896981881651,24.7552633576436
0,-48.4459389279337,9.0118539204073,-1.46910851237427,11.1614772649591,7.90458243219145
0,-10.902138894836,-6.07465143042628,5.07763011303034,10.472670001444,12.6030372385334
1,-2.77534729403388,7.06564978678793,-22.9434320561888,13.6143083937526,21.2370650035889
0,-6.12248106821516,7.23441607326635,9.11889621374455,9.22410682512146,8.68588948290281
0,9.74326229109395,-22.6690496053198,-3.7568893317375,9.49966764374492,8.95275192879331
0,26.7120131016442,-2.4414674134781,-9.86717682424664,10.7278820085358,9.92643224348829
1,46.5616075083224,-5.71921642843889,-20.0334377245305,12.7105452169752,22.2748655021803
0,-4.40459312940361,-2.04403937754652,-4.10226678804154,9.12904576949658,8.27196336910087
0,8.21715822492917,9.2398595772744,5.52825199758086,9.81561227750587,10.107378271457
1,27.2343756011337,18.7042003456337,31.2914865989523,11.1568924937736,15.5854186681914
1,-4.3232468206469,-11.7595732873792,11.9066562562886,12.5170281990648,20.2088476668366
0,21.14477429118,11.2437787767191,10.802484079945,9.85813259500579,7.91736170303774
1,-36.2564926912393,-26.5941394748208,-1.24377793376493,12.9801975194533,20.1931531408168
0,-3.22269972718648,9.757198556767,0.134309565831498,10.9996978363955,10.8907670516769
0,10.4302427340972,-29.1965620552995,-14.7060916857893,11.7184864893629,15.1091190187606
1,-5.24494924319774,5.25893661604203,-10.2973094365184,12.7917591502478,20.0870404471679
0,9.49699237141773,3.95111883171243,4.53390532919118,10.247772979513,8.98368490722237
1,7.09214889765283,-4.70830054445794,-42.6115471806731,13.1683367251007,20.8620506806774
0,-0.657926866272032,28.9714638538238,27.8492322716927,9.37722464130983,9.42356311393417
1,-1.41317528264188,-6.07980377494655,5.30499077354655,11.0566187931877,17.9667755634084
0,21.2026304409566,6.15397442482447,-12.5362468703252,11.2157351970343,13.3346777337027
1,15.1657733724066,20.9323386883821,-43.1301467548059,11.3299382461603,17.155111955498
1,-7.28255199276788,26.4674489884949,-3.21775597330009,12.5831893486348,21.0759915855077
0,24.2887834519399,34.3303939207149,7.89476119816115,12.0866745211282,13.0700560303878
0,0.0405147439192354,2.87568796118502,1.40403554704159,10.5066903555209,11.2646729858212
0,10.830724913734,-7.31396919064649,10.0421082531125,10.8642208493057,10.2100541864731
0,-1.34321471638315,-4.95149252327469,0.597538122338792,9.92589344661863,9.36903258416086
0,8.71262130679783,-11.6379328565355,-2.61203586675294,8.46692311781956,6.60486240230596
1,3.39577868543995,-10.0575546345564,22.6212853336435,11.5701699631256,16.7206055729099
1,8.39535239685437,-8.43497360338303,-4.6568897629006,12.8192774621104,19.3655246155607
0,2.74840382001764,1.77595371716424,-2.62224774470439,10.3122250497058,7.7647424224366
1,-1.92779501913715,12.3081970523011,-38.6212740586653,11.8656150986571,18.9068967829393
1,-24.8999400181245,-29.9440869635459,-30.0095712033038,11.7322168166137,16.449062156656
1,-18.8149440406177,15.0503964749595,-25.5792550876689,15.6617383265565,25.3187912951222
0,4.23045823821785,4.63467568558168,4.0152337730232,9.58713474209252,9.10449467304504
1,-3.46179260137919,-9.8364656836173,-13.9740945935995,11.3997374250843,18.951908700825
0,-12.2746627458959,-21.3300810217822,-23.106000893824,9.84627874076325,10.4635657870016
1,-1.603785082517,27.8238914824654,6.41106555142585,12.7984784132215,18.5437081589566
1,8.13104258614161,9.06478739678732,-42.9243998539122,14.2127910851084,23.5736514515948
1,-4.14054734050867,-9.04351247074094,-27.5762910230792,11.6089269322781,17.2009873584016
0,-9.34802699598472,0.7281582491034,-6.23070912199714,9.65612994862497,11.429495955007
1,-27.9775017870474,0.0754181758027281,2.50049779679704,13.3632399713888,18.0528833039101
0,-17.7785576886467,-12.2140523271096,12.3174852604179,9.85751158170511,9.99457132636981
1,-9.84481809185606,-30.9354717549461,36.4125040676312,14.4214552480511,20.9674349356085
0,7.5224512808531,-9.69980763687699,18.4137307085781,10.648155590815,10.9222220801955
1,-1.87647226424747,18.0397324833484,23.9533784090863,11.8809470501369,17.7853961254013
0,2.30247561686216,-35.0298635178641,-18.0501272468142,9.08131987760468,10.3526008183618
0,-23.0209246126721,-7.25643139728646,9.03325548551404,11.0910359017925,12.7171086519829
0,3.57101432809852,10.6585978199475,43.1207711393571,10.006772367779,10.2978688690042
1,6.33875116657595,-19.8646204492471,3.94599257281364,12.7006044607041,19.7352388561966
0,-1.05436504029447,-12.7121178092083,11.3838466049396,9.78828952627696,9.07553949780505
0,8.49323904297748,-0.997815848442831,2.43390005314125,10.7716875303067,10.0747683186739
1,18.1759014935261,40.8954508432903,-3.17905067547714,10.8376014941947,18.8957424168857
1,-7.456650447147,2.46249950947883,1.03583964639934,11.7480296682674,19.4954212725808
1,3.55217545002302,53.5682572569009,10.8459045221406,11.6873328203263,16.5571657577001
1,-0.317525270305771,7.27017827023501,0.335597201001608,12.2427998856939,17.487369648728
1,24.291158020036,-17.9806483522339,8.82169325285132,11.0738037594222,18.4797728991999
1,-35.2222701676581,-21.0577928656962,-2.02623634220987,13.6029052142786,21.6505321038661
1,7.95826767893117,-3.87310486923039,-46.5149260277754,12.5469612882049,19.2862925067058
1,-9.9466726463602,16.4355516638463,-48.9372285752263,14.5590015935713,22.6027157664833
1,-2.1830312605167,16.3809367967329,-12.6447140158385,11.9525720178381,23.9021133341062
0,9.0338736618545,-9.0398071294007,30.5019308792292,8.95705775066632,4.7287004306472
0,20.8119383923413,-3.01496391894933,12.8163505092514,11.4457326969764,10.4601702649145
0,-9.41880048396368,-1.6335849824512,-25.7031541964786,10.0329950037009,9.18010287556113
1,5.01703639936271,16.0492180343167,-6.40624701808783,12.1128321969039,16.8684829912952
1,-6.32281556103336,32.7802767993038,16.5407841210768,13.2293907258726,24.2125119758026
0,13.31409044758,-6.29456244543586,14.7699982231344,10.8657957432352,9.36477423672682
0,-25.7029623487781,30.4787345006625,-4.14025590327058,13.3464170169894,15.0419878240881
0,-7.60973363727722,19.7353081974051,-0.627638060560942,11.8252939785157,10.2373813434335
1,5.94018258459095,-8.81053942540875,-44.7694971557141,11.9076144101813,20.060187325062
1,-1.76035363039586,1.36930578212037,15.8193148609699,13.5857078182914,21.9609432260303
1,-8.40171503701051,12.4307288898772,-7.11840269842849,13.104512366236,23.3856215873863
1,-5.42825540599644,-5.35716909791393,-51.1295402952276,12.0728554979791,17.5892090751591
0,20.3546524144004,24.7061658715518,-1.75642143760435,10.8645225938957,12.2366188783614
0,-21.8841620636511,32.4350205586969,16.5989610925426,9.1840885015829,9.19360268438021
1,-22.4454244400134,1.87013645677621,34.2403938405306,11.3111128831536,17.662138713858
0,20.2265927235022,-4.45972946826824,-18.4750614730005,9.94852983446797,9.37105373185193
0,-3.70843494275504,3.51162790000666,-23.3899479057609,10.1937228958698,12.8283799568724
1,0.202756642677356,-12.7273953360944,40.4990156180975,12.4066114767187,21.4044041252161
0,-9.08904987807447,-22.2835528178697,33.3456523439928,9.83463880253187,7.98057422932763
0,-21.381137097371,-1.73109371055838,-1.89086307729818,10.4958666296377,12.1427463640627
1,48.3464401617026,13.1846207456195,36.4336521174914,11.5584747790081,22.8035835432085
0,-16.1503358606142,7.45332555395158,-24.5249805177845,12.208171092201,12.945218913018
0,6.05045389404188,-6.96148721795529,16.9518869823939,10.1476634044295,8.76122239622955
1,24.4037473837012,1.32876631684151,8.05435352377626,11.5452800948974,17.5565246222678
0,7.01321132737615,13.8109464753177,11.1545504897428,13.565476813345,14.7033017303542
0,10.9061394613359,-20.9285687480668,-2.53990059539294,10.7999995438668,12.1302485779147
0,4.58925717773179,6.25904289956616,4.64098776637467,11.5071726328193,13.2534819033644
0,-12.5560208666059,0.870389877153322,-3.19076063288954,10.4411483910011,10.9594008374192
1,19.5660079177592,-31.8297603405721,13.1851834345366,14.2267670874176,19.8204549021249
0,-12.2786964242865,0.045602911396695,2.02579523368949,10.9174151766129,9.76525840800756
1,33.2188754910575,-0.274106360593262,-13.1525191139875,11.5654796494024,17.8751352889608
0,-2.08109838633233,24.7290424688102,26.3446897320917,10.1771310372727,12.7989222497346
0,38.4976365531589,6.01704968869252,57.3013431388475,10.912122952069,11.9417516032805
0,-0.363017731728461,-19.4136246145862,13.2261776159208,10.9804365702295,12.3807788049093
1,17.7851398334587,-1.76456471693574,-37.3312797763012,12.2575620813967,17.3800370407535
1,-1.18285291693632,13.0397798351846,-15.6384275525915,13.8801249960692,22.9846679144358
1,-3.50768693139893,-14.1589787574883,-8.28426193555911,11.6437977079679,19.9855875884009
1,6.18275189235977,7.36626582528867,21.7441729014142,11.4066389110451,14.8758699631577
0,-7.68492792767898,-0.0680609068941087,0.754079581588021,11.4446547742301,14.0209572667466
0,10.4824774512053,-25.8849507618314,-15.7139250440801,13.8065296489126,13.7337320931578
1,-18.1724339554222,9.62004718198464,-14.1467239777582,12.5060312584479,17.047239158585
0,-13.1687530399141,-12.8081611452535,-19.1855580599383,12.7128991306324,14.1254309443838
0,3.43679685209068,4.32498021295878,-58.5990193809092,10.1230237215906,10.0362348867641
0,15.2295772486539,14.973092968522,-26.1300879123482,10.8208224558511,11.2180895472653
1,-9.81068269487273,-19.3757417252741,23.8285193393106,12.0106125448058,17.6030497207885
0,25.9770019428452,12.239647264183,28.8100121912761,10.029264201016,11.2712661658782
0,-13.4711794997678,45.4499334745237,-9.53953885995769,11.2209670918742,11.5371695151049
1,10.9437909773077,7.31048815765721,3.11150593427574,13.1690824712218,21.1740106181766
1,12.5766399504114,1.56660620893693,-39.0797774248265,13.5466656637684,19.9437137191178
0,5.17369973075118,-7.50566170488965,-16.9954384886082,11.0510322851539,12.8870380152586
0,-6.71636397008728,-10.007875432622,11.8881547083497,10.2847508966682,11.9936312259442
1,4.8364418904654,1.83687930469328,2.82778124018809,13.816089781508,21.8552567717799
0,-5.69972716258629,-3.41278219232888,43.1937466188704,8.63602942127062,10.2842849361574
0,5.32908968175164,2.94489541200677,-4.19179962537614,11.0079939991043,10.1433662512511
1,-1.64885059290461,-4.76766104787845,38.2297187125772,13.9748565055624,21.2235520574789
0,5.60120791229168,-13.4925464602009,46.7762778972188,10.6009121539983,9.71286981521327
0,2.7704804990332,10.8977988455027,-6.45850783303572,9.66906318106793,10.1290304654366
1,4.72763314034517,56.5315630706377,24.4433350820518,13.4187146300691,20.505966517378
1,5.23544353319115,8.11443628765372,-37.7823238158936,12.6322013920318,17.902202809921
0,-1.04636942393688,2.03247323985694,-6.77412207840605,9.58726760571678,10.0212379944583
1,-12.4150573650267,-4.46960271373196,2.99631825124509,13.2723998722383,20.738627866275
0,4.85933656143043,-48.302948300767,17.3855878723017,11.1481766960504,9.94676828101844
0,5.18474009782875,-8.75111184328296,9.63240396852056,10.271785547515,10.7724108353279
0,3.78287217191947,43.8240824161644,7.10070050074991,11.2943782999059,11.9515470098741
0,-1.07025629124633,-19.0729855689432,-20.4631697209259,8.90917730189732,7.1147016137006
0,-6.39214707068827,1.74573716215659,0.754349355802086,12.1095265308563,14.1073081341413
1,0.860896412392188,28.8143334426106,42.5648331320365,13.5368668413091,20.2706414027228
1,9.88522389282408,-5.8573949791802,-45.5610109319672,13.2623706964354,20.4124568151807
0,7.54117665782807,4.21788821840021,13.100287500507,10.685598547583,9.72797176756876
0,0.674983365529217,52.7135450276082,3.11926173169256,8.44750031132514,7.55292405788947
0,-36.023370892796,-0.974082904415227,-31.0935709968566,8.84880027250301,10.5276666620636
1,8.53730347900685,9.9864801878164,21.6944839868529,11.8319310866467,19.1756983497035
1,5.82176617544641,-2.75489704253306,-4.56224684670419,14.1668690029922,20.6876954362867
0,5.96933516925217,2.27737893476826,-16.0695381861643,11.1035981750618,11.1900510694
0,-3.0870794070449,5.11455320116195,32.2506936931267,10.7084931700209,10.5394055049881
0,59.4857932705337,3.71552571082075,2.57788414298551,10.175584114727,10.8158771226374
0,-4.37025308503501,5.10327877260887,8.38941536350433,12.2365525993232,13.5132002088159
1,-2.08830627836335,8.07640820554571,-20.6742052490901,12.6569920135259,18.6647366300231
0,5.32884044317807,17.0308120584505,25.0179975908526,11.3429932131185,6.55647742672967
0,5.98384894499474,-31.471393648923,2.58793543186795,11.5630154025709,12.0574824276801
1,-8.10639074100872,9.96194048159405,0.694379894162634,12.4797176498619,21.2019499737203
1,-11.0135860969444,-12.4649491704924,10.7784931224822,11.7622657045828,20.934163507232
0,3.95084304464287,1.29124519433908,4.23977516184384,8.55409673788235,8.3218773827509
1,-10.5490277986126,-9.48920304921139,-6.85862461119452,11.873534737496,18.7983726258761
0,-5.24547665161023,17.0267464987402,-30.7644349974105,9.47525276916964,7.60782433658068
1,5.22382145787997,-17.9622808102724,25.4434985401518,13.4989080319981,20.6535332127238
1,5.36474267057231,16.204860986208,2.62267109101129,12.8095293001858,19.4016768826336
1,-7.84343625660735,37.735728692948,12.1591142748703,13.2591741660593,21.694109080802
0,11.7035942989765,45.5382841845599,12.9526990248135,9.93904581342492,14.4771403654818
0,-25.1013666927555,-16.7588383363502,-36.7663928409325,11.599760342415,12.5482566667585
0,37.501151324527,-6.04549793048952,-6.87352830342727,9.8478796409031,10.327141411673
0,-5.18310907534197,-2.25777908073745,11.7663109400735,9.17092921130452,11.1934689807331
1,0.996784634785309,-5.35496922071944,12.7902697426932,13.2918670969832,19.8579684694018
1,-3.30285026609748,1.45494414997024,-7.33923999983385,12.0470133326628,17.9084789014427
1,-0.226874098723219,6.18236812614478,20.1759693715007,10.3672201910292,16.1396058578701
0,3.1091179242331,5.57578546315155,11.0263192088382,10.9899220710763,12.6536858054184
0,9.19509853856597,-52.9726806431823,-1.31113217887884,8.96913864004568,8.83848372095052
1,-25.8299597746463,-4.49102404745735,35.1419337481511,13.4031676317497,23.2267736347506
1,43.1853889609379,-5.4335672487543,1.50482668940271,11.8197787390934,19.1806599610264
0,-19.5239057802385,-0.468540962742805,20.856643179976,9.44760818922615,11.9888170827469
0,2.891264839535,15.4331093603487,-47.0097210759758,9.76485877242403,10.6327718166559
1,37.9373433625186,5.32985075739329,-7.97301704447096,15.3599576423885,21.2472477363813
1,11.2231902541517,1.89069123282968,10.3623668114495,10.7311457391636,17.8943426296557
0,30.4481767621791,6.33216018410138,-2.87345518224212,12.3673795084553,9.82199594348394
0,-2.71460890014741,52.9983998263338,-13.7214528745443,11.6322228556449,12.5803987761603
0,-1.28058919473843,-21.9565662842943,-1.38422365135675,11.1862879547711,10.5095632737198
0,-6.19675440223561,11.6694773957216,-11.4754692961013,9.53967052222593,10.9590638339268
1,-7.3804197166451,-22.7075314703321,5.50692275291481,13.2440551138935,20.427688764317
1,25.5401860167532,-10.3624679037301,0.24070532254149,11.8227462957669,19.0118203396203
1,-7.52035345941561,40.3830462134347,-13.6585060366839,12.577000479562,18.5817176311919
0,3.53426223411915,40.0129176248161,1.96655551179657,10.3906173850419,10.3744877282937
0,-4.37161385295589,1.4842653668481,-7.7531984386679,10.4070239771676,10.7075038670748
0,2.96901441516305,2.73933365105276,7.56374735395032,10.7125705997376,12.8022184741074
0,-4.34975064530504,-4.15277486012851,-4.65234857203868,12.8233471231231,12.2378651220835
0,13.9299208467305,-6.16648424729725,5.62581148624336,9.36682877804066,6.53221394410967
0,10.1183091022216,4.27593699899769,-17.0843064796484,9.80084555442913,10.1594885076657
1,-3.33078865215697,-58.4161289061832,-17.0162499418005,13.7950883903528,23.2905940516967
1,-0.577894512915912,-2.16811445916304,-34.1850492541932,11.1044665061895,18.0289998221933
0,-0.273795369475102,31.6474298099131,-7.14954118209163,10.4127788392691,9.84674916713599
0,16.4921487923879,-7.73701065828414,-9.69309395381244,9.61064462536125,8.3251197569445
1,18.3168000332021,3.60058560441691,-14.9277138416283,13.1459904463671,24.431297691425
0,4.59086517171869,-0.851619532003734,59.638152439959,8.97193611852398,9.46008232626532
0,0.940543218317814,13.8222080744773,9.93748351808947,12.2126991771472,13.0834385303895
0,-8.35028953132121,17.2252671287318,11.898984399924,11.6312611949607,11.3629620186017
1,7.26520007956131,-56.965350664946,11.3542779781498,11.2430172980448,17.0957240248997
1,-10.9705630991673,-14.4692978724328,35.3175724165579,14.7568595653844,21.1918329784395
0,12.9674690115434,-22.1615558900291,10.5455224184003,11.7428490550546,11.4782263434402
1,0.800069435526598,-8.72763971516702,47.9786869626862,10.338484286582,15.8175137278236
0,3.18692910614539,-14.1460122255947,10.0949094338089,10.7513281944013,10.3182825133488
0,-13.9199416597119,0.315171406469184,2.11959667755628,10.0654894472541,8.65845145776925
0,-3.72314467861031,8.66243240817963,-14.6205985864284,10.4340698489472,8.28502515374823
1,-18.322286262338,-57.144545296041,-7.02454764623428,13.2369774738313,20.0724851559233
1,16.1067203191372,10.8518038575113,25.5858733562198,14.1041981656434,23.5903261426927
1,-2.50412093057073,-29.4581037325898,6.24629611226014,12.5479549349367,20.2685026088652
1,-60.4478583795432,-43.6067055410185,13.5496931346673,13.5224901031878,19.8569333610238
1,-4.57513308765958,-6.72219848865561,25.0815869561838,11.0423039694636,20.3169803203869
0,1.39286720537223,36.0599278079219,22.710934185831,10.684552721236,4.21033397925799
1,15.1050727834564,1.20596904454195,-38.7466248424844,12.1346083274853,16.9988592180076
1,-3.8592494598174,16.9580092810268,0.727868103435584,12.577076937461,22.7185619061401
1,-32.867936808859,-18.6900432874579,-7.6988748217357,13.4795947281834,21.8035450851189
0,-6.81158584214749,-41.4255930356217,27.3907733231562,12.1163987737843,11.4136319482412
0,-5.15321372741901,-1.44695116607508,0.250086457291687,11.027532068545,12.1619001242984
0,3.02295405901069,-51.9034750240868,-4.76061605002006,10.8872209999093,11.469251537956
0,-2.02270110036299,-0.424563133165129,10.0488957484876,9.26918010956081,9.3786755180811
1,-10.2532202847727,-23.4512257312588,12.1673518512799,14.2239739684158,24.8910106575963
1,-9.61687171317955,3.34079372925739,-9.16754344852827,12.6212358369235,19.8005731241506
1,20.5791408078526,-13.1194311463787,42.632892828694,12.5872536735473,21.4807130190743
1,-15.5353982132752,-1.84597937469066,7.38412844912619,12.0502767309431,19.1815181714358
1,-8.6082067792343,-2.95385235596556,-11.8391885117303,11.7739802714793,19.8367172777202
1,-5.94090338739932,-19.8271857752403,-37.2164076862904,12.608872871823,20.0042564763228
0,7.6045034729735,36.3180460862173,0.18591769564716,10.2864612408284,11.2209766612399
0,13.6607420020748,24.3358076678037,23.8846467975977,10.1045386028572,9.12144167869756
0,2.53015569634997,-14.275626671907,4.15848286989099,9.04883100222061,8.02147400304093
1,4.31751349285067,-29.8490024501692,3.47019546249217,11.5733664513323,18.2407342954298
0,-2.63480868648121,-2.27927699714575,-13.4350113755642,11.1163565727773,10.0224599145413
1,-28.1702180071142,-13.7318784497624,24.5449978299874,12.8446165343475,17.9621106498072
0,-16.7910671930099,6.31008545013596,5.16405555681813,10.6881186597212,10.8046668744805
0,7.94238967434106,-5.85856434797818,-12.3529951684722,11.1451500807263,12.6105666469494
0,-4.79550211240189,14.8894424336905,-1.29656974336553,9.54830619605962,12.4876002917551
1,-8.25565449532364,10.0204058088449,-11.0989806944653,12.730786112014,21.3047230225445
1,-13.0539776706586,-7.1602819574591,-47.577768292304,11.9855251656615,17.2809986048019
0,14.1456430276609,-0.291881696245528,15.0220721868667,12.5526285714408,7.89411313929615
0,9.03909927055716,-18.2274153196146,16.630349426597,12.0614500695637,11.2336277226287
0,-23.6352656801243,46.4940626529752,2.96752755680845,12.649137432206,13.9569079998011
0,-5.32996746882949,-53.3219620893759,48.8130271720386,11.3210751001388,16.1360112275287
1,-13.9199621220561,-36.9113183763689,-1.00571973103125,12.4483192495677,16.9364348427732
0,6.11918802125359,-28.5323329266608,4.62744715596074,10.9710660498401,11.3977710710078
0,-3.2772760526965,6.73663439982522,13.1858611472177,8.37134056487482,8.23557044422898
1,-6.25590741999067,-23.1834039427584,2.78116205100357,13.8958986554083,23.1598051205076
1,31.3025215494554,5.19122144984674,-17.5042612806265,13.4376243372169,17.8227455344322
0,3.20106401843326,4.90130110899039,-8.58837726647741,10.73863404302,8.97562193746056
0,1.27343862386945,8.14187220360209,4.72662974092368,11.1616818951353,11.8846803785851
1,15.3728469413454,-3.49823556395682,-4.44649484898497,12.7623896082897,24.983076111258
1,0.85899561021933,16.5118681218702,14.3550726784009,11.2397535342047,19.5235391446082
0,-21.2733085171675,22.0471889138583,-0.720035611806318,11.0064972026297,10.4323105996089
0,-5.36867021065323,5.80360683790092,-8.16035861412796,9.69064140128503,9.21259617679009
1,17.1617826830015,37.4142052746593,6.82105122424917,11.7396759516326,18.1010350531093
0,-1.67450389048169,30.1922196738791,-43.1106694616868,9.2773928127738,10.9623425073749
0,25.3125874991039,14.3875915606311,-3.53866228297993,11.4297572549105,13.5099149691879
1,1.02434297127692,-1.7101782167728,-3.5423658170993,14.9367879774706,23.0976926443026
0,5.87116263676275,-2.41066909452247,19.1772092353552,10.8016446482304,11.3886124505135
0,1.34878820679326,-6.66825391540574,-21.9683701828179,10.3816896179615,16.4137170268124
1,23.1270369639567,-1.94065662129748,4.2482796906494,13.3329333302535,22.0955758096128
1,0.0385298300993175,-20.8208258270464,0.117003813228311,11.8752966528114,20.0531208258506
1,-13.7122955673266,0.255176543049773,-13.9176763933396,15.4114184326616,25.9280037378363
1,-19.6872898721457,-8.66493452166179,-40.6003400814319,11.3155187256229,17.0487909210186
1,2.10023688551894,-4.03166095634737,36.9449260132442,11.6548485179316,20.203667686884
0,8.72717898971452,8.2908737238272,1.08462948501576,9.78650652984712,10.4035127264505
0,-4.19435013925792,17.2227824979502,4.17758272020044,10.3357500348256,13.9283394724678
0,-1.01959013710531,24.3795093568751,25.9144724194756,11.9349767453537,14.1515508785843
1,-8.41844108582115,4.19933571575108,29.1127925977771,10.883311994243,17.1740451458186
0,7.56489779456897,22.0012418224784,-10.5680404440531,10.0804161345693,8.40493355854015
0,-7.68971172385204,-14.6595206684423,-1.14824350001183,10.7899893139571,11.7173832377738
1,-1.837448496738,-34.1459208885075,-28.3987605107082,12.4344521201617,17.8275940369482
1,-24.0894262425774,-10.2671404396656,9.85907786885404,11.9587936640098,19.1343828548207
1,-9.3232350953722,4.47529776484146,-17.0978978919881,11.6774103286387,18.1186631376554
0,-1.38955726932739,9.4208656702572,-21.3045590862175,10.9542390111929,10.6324361598938
0,5.74914533051595,15.0111391242002,9.77068210464827,9.85110511387132,9.18447959733873
0,-5.91422453773614,7.92825808853026,0.929537020937362,10.8832647202528,9.6150438937722
0,-3.8168223941113,41.4071794804972,-2.285255467132,10.8840190950148,12.271447242111
1,6.39022554840179,-15.5591466990453,8.74881153453791,11.9678414631707,17.8923565435545
0,-0.865703871543892,4.60679811921246,-18.7119079620706,10.3328795925808,6.55654705377074
0,-9.02302497638217,-6.6576900950357,56.7032381917004,10.3837210374366,8.74442523139574
1,-3.97503455689629,29.4047521830802,-12.2169867765355,11.8422908316209,19.1638684135079
1,5.49188682748519,4.79430645754105,32.2451007990303,11.2541835290008,18.8618489550874
0,31.7512871191784,5.50998215508206,1.07789311417907,9.72751464692418,10.4370066461734
0,-32.4409304707737,56.0480801464366,16.4053218258279,10.1835136902898,8.85906588162395
0,7.15657319042717,-11.4629523212445,-3.33422092647765,10.2010771024508,6.21790973800653
0,-14.3026081184249,2.81333790609786,-1.14177521564353,10.4462428296299,11.2138717952557
1,3.38152931458107,-18.0363097749614,-18.0084496724441,12.6850961377129,20.7884243061685
0,-43.5107153663577,17.2691904115633,-27.3019829015894,10.7282924528937,13.5657981395738
1,-0.0453505985271643,6.49317963569198,-23.722436264886,12.0420532307749,19.3130449750138
0,9.12000363707165,-6.79526303847099,-12.4412579216428,10.5045547591922,10.5754160344577
0,-0.73858357139629,26.0210944274781,15.6759940498154,11.4692753493144,12.9933673515654
0,3.57102606225541,-4.0065384875779,12.4330009744018,12.512514982357,13.5762906302863
1,-2.92010994794129,32.3303114843722,-2.90946977340702,13.348168562439,15.9615916799321
1,19.9990164711941,-21.2561158308923,26.6221003522082,14.6696981325943,22.4697891071213
0,10.4149288558053,50.6935790169066,14.7039409408454,9.66233277942046,8.79808924216695
1,-2.23229839523288,20.0069788908118,14.9642949081389,10.4868118130664,14.629042532792
1,-7.14369986581015,32.2130973254693,25.0103445370748,12.9959774002156,22.755110994417
0,7.41840634817418,-1.01397432807272,-2.64409018988566,11.103109556798,10.0010154592289
0,2.37124293847239,8.99819106885306,55.0940124630206,10.3113844013428,9.80835647972378
1,-3.95216687165753,0.208254674629578,-17.6033576891346,12.0485289738765,20.290555079747
0,-7.23106307674839,14.8972708831094,-1.80790545113665,8.48502050177709,7.96045898862015
0,3.84875612902337,-0.0257400173901507,-26.5978121901077,10.6195193808158,9.76469784044998
0,-21.4347288937699,26.4332012162418,3.82167637755173,12.862887911512,13.2123864256459
1,16.440418066385,10.0967967970159,-12.2340421477888,12.9511796436389,21.0750886936383
1,3.69101724685523,18.0754913169255,2.30121379941756,12.422304173185,16.824868937559
0,-0.80314333014258,0.379049471589245,-10.3992710741339,10.6257079044762,8.37737891638367
0,-8.52090950341039,14.098795996266,-13.751072423945,11.6700826820661,9.30114576976177
1,-2.87274313041622,-5.8728951419599,21.2508050462555,10.9218916374061,20.6544796409927
0,-10.8029392323324,10.8693213463059,0.917464534925997,9.01497564781327,9.54086699713555
1,5.72847430533387,6.21003620285269,18.757985680797,12.2051931967167,19.3994774100838
1,-4.64048904398265,14.0916739680318,6.45806503441771,12.081325409778,19.4885234411891
0,7.80015511972931,25.5376173452145,-22.4624811045494,9.58637626071078,10.3559167349507
0,1.97794428022039,22.5848980884922,-5.2617186418789,10.748804593382,11.363569637518
0,0.988154411817031,-44.2917121293953,-43.6741215308039,10.4964777116301,11.8232027057625
1,11.0524447882621,-20.2673327300764,-41.1153745959783,11.4154064856202,19.9066806534634
0,-4.97595014013103,-7.36512430928134,5.56964202335544,10.351916387311,10.8314234250032
1,-16.6206885651346,-1.8266408107394,2.39695224593609,13.9623559933411,23.6632021705446
0,9.13684575030165,5.41016247464989,25.6582127925244,9.96125056262146,10.5087689750327
0,5.52128997320168,-4.63654354434827,-20.513759617508,8.62660668112294,7.81061258524884
1,31.0995887667974,2.01629732801486,25.0267224973663,12.9374279011931,19.2628008113392
0,1.92658131157608,-3.93462728453678,-0.374550971113449,9.03767193445157,7.55552965370625
0,1.66751048598769,-14.5617046614208,20.2694957374365,9.71848268989501,10.1495217270264
0,2.94687240481112,7.87145516819828,-6.95927573776205,9.95579636086725,11.1503553397912
1,37.5201913656347,4.68885417976677,-36.745028597704,12.5765977751546,20.5301449356588
0,11.6916574250259,-1.81497861802382,-38.6336379370645,9.95510982370185,10.2663296483057
0,5.2645665659741,1.15911803353167,9.81862927859078,9.53011536087763,10.2738733873773
0,6.30404078752615,23.486888844877,-3.0386502859551,10.1383230308645,10.1339140615539
0,50.1800470117196,11.040520964795,-0.534652892080796,9.40969207221755,8.93351255654257
1,-5.75148671367305,-0.123332846711118,10.040193799474,12.5818332695429,18.211583508093
0,22.6888724953606,-5.58274864415709,-18.3361080206385,11.07804403327,12.425876533263
1,-9.51209958455122,-2.45273039749898,26.7709837732958,12.422922412189,17.962393422819
0,6.88465835281889,-17.2809058256959,8.35560890369753,9.52207597980363,10.2420138742428
1,1.14377422154328,8.30906010637661,2.57703553360216,14.9342950721886,23.3539988067002
0,10.0206440039133,-13.120265099408,-45.3037974099811,7.80724393749828,8.35055656397683
1,3.9977524177612,23.4831166705743,0.697014369684535,11.587502969109,18.5161581158765
0,-22.294218095557,2.92551227195799,-20.8657507175877,10.3087647095602,9.31546755816683
1,-5.91216976773422,5.14286784351001,23.3500677087782,10.9744504569069,19.5692216168032
1,3.73470918919693,11.502067851225,26.4513223461736,10.9884001830195,18.3586594651621
1,-35.7326068365824,11.7257187537939,-10.2341285778893,14.7823250457827,25.4206782077291
1,-6.65127410788725,-5.63085782473102,-9.32728758619424,12.6299200489662,20.7007234263406
1,5.70237117054006,-12.6623483133408,-9.56333209557047,12.3202718716256,18.7215164618012
1,-14.3448678527161,9.11383896434313,9.42579353182156,13.5478392109319,22.7794832419407
1,-0.839873072211018,-16.2854374378996,-7.54871703759342,12.7908914215714,24.3038812093062
1,-12.6601025855996,-26.054443823009,12.1223621116463,13.7031881659495,14.860886433298
0,-0.383017411205677,-3.45755315145631,-6.22000997706962,10.3724139266935,7.97478842883658
1,4.15637977064823,7.57939389380577,29.888827526411,12.8276977603236,20.0233015616137
1,9.49348085184923,10.4943651905627,19.4928487744761,13.6539350243136,17.3169270541829
1,14.0421325128041,8.11158548943909,14.6138346340807,10.989243777571,16.3452709606483
0,-6.91332094324723,-1.32953822727665,-2.95296532336981,12.9754812749424,12.6975474900779
0,-13.5777707372278,-3.50449119597404,-7.41072895505008,11.0478002710205,15.046388149405
0,6.25385028067934,15.6678102756355,-7.91055482002262,9.30259492076806,9.6451279433281
0,-5.87748337882953,16.1000104545068,-1.94263681600905,11.0309782128058,11.524189631272
1,8.92115433915829,19.2015740487224,1.87053580152725,13.0432606230591,18.9779344487766
1,9.30150993179055,-30.8770507088267,17.8150311008806,11.7452084117005,17.5057984314873
1,-4.660386016655,2.03100471559473,-28.357498761312,11.2094381802343,15.4504999452235
0,-2.36546915705033,-6.799696380216,5.00535816001009,13.2680738505558,15.2303906792352
1,-22.9986606259324,-13.634216109205,-1.04915933269675,13.519615346808,21.9055683205031
1,-6.15369210817726,-16.2029437963334,-6.09019219183817,12.4191590990435,17.4936698257936
1,-5.52029044892235,-9.43785769717551,-4.33899204323544,11.6369259982788,18.0499690780548
1,-22.3914474137552,1.86832623363474,24.6463927699521,12.9892651796711,21.2337572736794
1,0.36387176066281,4.51571513815044,-37.5112456775727,11.7700232345235,17.7841863779219
1,-18.6804790130522,6.70368660387488,2.70738394905629,14.5767180439463,22.7897653740115
1,-19.0187684181168,0.0797622977759534,-72.6825022096365,12.2932147852083,14.9755187429393
1,3.76786069050547,15.9354383657459,14.5037090391025,12.6052094268797,18.8041963826789
1,2.93144017292552,11.1485031973643,-20.4855382627932,13.5372385181131,19.0832657125479
1,20.9157867130793,5.12945513962713,24.6565359126741,11.5518284016667,18.6211169558442
1,-33.5727181160792,-7.00858893751153,-6.47840397518847,11.2747289778164,16.8087413982305
1,-38.2743182647079,0.519866829400649,-8.09060130926107,11.40814183173,18.8432793475509
1,-3.19777402599342,6.94998541360249,-20.361091301705,10.3096172461098,18.1377931130638
0,-3.9288468572023,9.56292453253281,-0.801486732401672,9.08683812587309,8.12239156986276
1,-5.07347606965419,-15.46067120882,-23.6390367643161,12.512561397847,19.8647078571342
1,-1.31280656977493,-7.37600964309745,6.16253053081259,11.5715238831985,18.2034341952019
0,20.9411187224394,-16.2803273632355,-11.2700212793714,11.9628455875164,9.88385071338017
1,9.23311715265519,-2.17768495354471,-48.3763679426084,12.2854367656313,19.0886442600834
1,6.30698667911334,-4.38855111801908,36.4409988256552,11.4171394948884,19.5986798555531
1,-16.3555705164841,-10.7754710161846,-11.3717773712617,11.5221396823796,17.3167327836815
1,-22.3091078461345,-16.5011470574133,-1.88496141505153,12.3861868296601,18.1893136520613
0,3.878941090438,8.2763083441159,18.1621078151154,10.1905367335873,10.7753286908928
1,6.86593456739527,-4.43670113063228,2.24146376213007,12.3695931528058,17.8890252983588
1,28.8716646929131,6.67008300027525,-7.20807271084075,12.0494705057178,18.6553531113762
0,1.75523985538175,3.24385329138705,0.678811222440702,9.44658769829605,10.1620262578143
0,-4.82353273575682,-2.54349457733262,-1.07309919633585,8.45622802528521,7.88673461366007
1,3.13288232329462,1.57771337508784,24.4243915696893,12.4084550127471,19.7554013417389
0,1.62366704839236,8.22167783904757,-13.1615443747639,10.5001899694693,8.97347434854582
0,-6.62399101758287,4.32871005933633,26.4884865569914,9.24775401484251,10.0824230199094
0,12.0764002450005,-7.14603979805792,-39.2574331870343,9.33854777633702,8.29548352973332
0,-2.87994784107597,1.00294503541486,16.5239353567247,10.1289460775038,11.7048175365775
1,2.97992221202682,-1.93325458823335,17.3923168384348,13.6997671554497,23.8981284487449
1,-30.6826935167593,-16.8610934714214,-20.6808586422399,12.6332769062174,18.8278216834688
0,-4.66651615715835,-11.2615453589194,-6.23026118399622,9.04599674293771,9.39213710178305
0,58.2320215353063,-16.3117587148987,9.82906821775201,10.4453639040772,10.7057719865072
0,50.624395194359,1.3892273587208,5.91821047904502,10.0684205523384,10.8445832766941
1,-28.6681047705145,-3.30626839929059,14.4273724373059,10.5745776206925,15.9918354062452
0,-8.48373698519849,-31.1676249252407,-6.14142106371293,11.3477045362454,10.3705307380931
1,-0.122345235313244,51.2195943107892,-7.09798921950896,12.9601077990133,20.8051249522595
0,10.281753685535,-12.6478690281062,-2.72446506644678,10.7048695739613,12.4648255051637
0,2.86747366393674,23.980610840313,7.01829396739922,9.51626930541935,9.10973246113892
1,23.1216285695799,1.55615179968222,-23.1782097714172,15.1021767283592,23.1785313848173
1,3.16979921434721,2.1162198550934,-39.3551238611272,11.9622499366341,17.8362019191285
0,-6.54275681744246,68.5738782738612,32.8075726626944,11.1729255703657,8.5289141371092
0,8.34859857989173,-7.99332102803453,2.52669204432293,10.9866255119817,9.97475661292696
1,-14.2738307363765,-8.89156536875518,-4.10277392231747,13.0466985702325,16.9491101684969
0,8.25986371102267,-1.9461298786975,-13.8346317450108,11.2433581806979,10.9088535934381
0,8.90674135064006,-6.5295488078091,-1.20659386330166,10.0159692301372,9.61905148048755
1,-48.7052814949105,-20.2974755727169,-25.7597816840896,12.7230144097982,21.3832865908546
0,1.95316121459548,-7.69396990314682,-30.2800632599109,10.8662912089561,11.0756493732112
1,6.21514550399241,22.648505368449,15.3546889552224,12.9780979902691,16.870460557904
0,-1.92831865112709,13.4584715686259,8.11491593274348,11.2628893424638,12.3994233145
0,-0.849314457159414,2.48071147499137,6.5328081367021,9.94550026608673,10.355919599031
0,2.09869778415143,2.42849949299389,19.9869829507597,10.6569581173601,11.9190161398857
0,11.267406287326,-4.22512540766471,-20.6156814754276,9.55923128760685,12.1742040664944
1,-27.966649810133,10.3156314022272,-9.30509019901372,14.2228781483053,19.0727826540043
1,7.15829364287122,7.48896554025526,-27.7879377774547,12.4681758002003,21.4579313227053
0,-2.99435907068047,-7.2261056817462,-3.94167859903475,10.4487948797421,13.3622880375199
0,13.7983227325868,-8.68975982110486,-21.8512290401883,11.0799235567136,11.0398521235458
0,2.75185795992892,0.443520331622161,19.452209770583,11.1983743508072,10.4045435692924
1,17.6115350554445,-1.02528221266841,-28.512656308361,12.1651814308974,16.2681836619819
1,-8.43124691183561,-4.73281904610572,-22.4167337269034,12.3020225663162,18.3956255367799
0,7.85259857860663,-16.5343141635912,-2.36716895555366,9.62276959301706,11.4854294455627
1,-5.21739011353712,-1.50479707894021,27.1997832220696,9.67858596213633,15.9185059031865
0,2.1052753145685,8.0248728675642,-8.01057584397342,10.1395110303461,11.5137120711717
1,-0.600316380799297,-15.1655584821354,-31.8883503487981,11.2410894022875,19.5245494590237
0,-9.35870399531353,47.7397880731397,-6.90037753018644,10.5679313366077,13.4656063557688
1,6.40066424213515,5.55469731521838,47.2284617052594,11.7781008331832,17.6657599010986
0,5.6163471491013,-29.2760426008416,-19.2171697328439,9.35595695033369,6.31470056031346
0,-16.0824884192643,-2.64186047230675,-19.0973495477274,9.15359714283512,8.24203126220607
0,-9.18875260357041,5.40122757125287,5.83965308224981,9.82868849644548,10.0426037259016
0,-12.1501127183106,-7.12310318783611,0.471148554900603,10.8595521383858,9.84692589699325
1,0.826782474407516,17.7665698575481,-31.016806863356,12.7251192268057,19.5019529405242
1,-7.17350486044758,-8.67847846961465,-18.8479219710737,9.84418272585962,14.7871523810729
1,-0.590868262746779,17.656239535005,12.6777087404975,12.8888592513912,18.7067574440448
0,7.31457497962524,7.23376561148539,9.89075067146623,9.54946978884603,7.59207853324267
1,-8.07562257421312,-8.05668824624871,-13.9697525554741,12.752677908701,17.9672080276651
0,5.30703228848362,5.35859196265301,-11.8355555433931,10.8800229798802,12.094357206539
1,-52.1980406199701,4.97203473499357,-2.76795927256295,14.0920214683155,18.5490860931985
1,-12.3510768782281,-11.7029292497526,-43.0886106862176,11.8947420591755,19.3779886652204
1,-12.5188204076576,-6.09214302107926,-4.51888201652415,13.1824993846754,22.5124730127868
1,9.13657919035081,14.0666209500033,-9.65134255601315,14.5577508200103,22.0515500358647
1,-38.4032121706927,3.60167354822625,9.91261555890297,15.2612685822638,24.5269975676132
1,-9.35013996494464,-10.5433648247873,-8.90528547772451,12.4432266179829,15.9200696694227
0,-5.57066082749034,-40.1916851439723,3.75227311899382,9.52001471874431,8.56455841499675
0,-3.45000301384906,-9.34275674437911,-18.8760604443512,10.5787220434565,13.2163955386681
0,-6.75625456935092,-7.08207825294267,18.5964560523514,9.0868410100361,7.67717196814381
0,3.54697723852688,-13.1546569960249,-2.18263669588744,9.19095371282478,7.78194492654705
1,-14.1142537445413,-7.02835238474795,-17.3294530027945,12.2760940712335,17.8189304495854
0,12.2387620033013,11.4776144655086,38.8785206733111,11.3360295505642,12.6583807307651
0,8.66251835960921,7.9864537207105,-15.3584242891806,10.0055283453366,6.83660734168415
1,-4.97724483767264,3.12346392399616,-15.2905839222796,13.8325689987622,23.8245376906555
0,3.390079390953,10.282344594849,24.9201010816983,11.1866939590143,12.1372947283889
0,-1.2176799457047,-15.2732893265766,34.5898666550342,9.56705662547986,8.19145577877196
1,-16.8972137583141,4.45313924661293,-4.00570762782776,11.7096728898211,20.0826249509077
1,-6.74735075897736,-1.39666543460131,-45.2626626207616,9.76768367740642,16.6105649920369
0,-8.30629638859045,0.620922176448937,-24.6094388884868,7.15243370802909,5.70206932538908
0,7.80115360294772,8.37027507476546,-37.1796842189563,10.5108514525187,11.0119483515402
1,-1.04755518538689,4.91702195102454,-11.3697635611299,14.3793199062784,20.1775643233379
1,4.32359776255643,-9.20975634500289,15.0387884983142,12.28810086721,19.8652431471056
0,-13.5039252996127,7.64518806309824,24.9305813609324,10.3163368516641,7.93058847551951
0,-6.05181461771687,19.709941377372,-15.432140526186,10.6472454204093,7.97611868171272
0,1.00179249666653,-53.0870097237567,-7.5487840246912,11.3757106031371,11.0375817538155
0,12.329568799969,-5.95610240255827,-8.78297462038581,8.21287204323053,9.07791196560005
1,-2.88616575994833,17.2634104313589,8.6014446284704,14.348361343064,22.3334557910887
0,9.68618260874171,-40.6611743580134,-15.1913309222564,10.7460892205154,12.2697350562298
0,-5.82271141421314,-39.2330665241625,2.82769842284107,9.30987112838386,9.93113507985894
0,10.7492079047802,1.31894794870478,-1.74663239481618,11.1404229771871,11.3827922616941
0,-0.143665483426478,-5.48248902635248,26.1607784781493,8.49618878170741,7.80297378042209
1,-10.9436689929331,3.26840610684954,-39.5731295465142,11.6559780819268,17.85230888324
0,7.03176826548969,4.67168358078439,-0.318728701779115,8.86261025341174,10.5273097979846
1,-3.18732083545855,6.56243610425374,2.44018165156506,12.3705243218187,18.9915958085291
0,-5.41442485584594,-3.72910470660446,4.27409894649746,9.37407516802724,7.81507975315113
0,-8.12474111207817,-23.5758653480187,7.89156379623873,10.9503034053135,14.068619518967
1,2.60814741794689,-2.268101432698,11.3194270829283,11.783150883337,18.5543592923644
1,-3.30854537655374,3.72335262432146,-25.9071341549508,13.3359636335897,22.0813116817268
0,-1.50480561647673,11.722204917751,-0.643965225635263,9.84655404511784,8.42405109075055
1,19.0362258958389,31.1645137191041,5.6083164829034,14.1301940951062,21.3258815978327
1,28.8852804881892,34.031670932397,-8.05548946512063,12.7637403687182,18.8216437675578
0,3.70176758788329,5.64449241641436,8.01688754359267,10.5789795961496,9.50828506568964
1,-3.98507828344117,3.03031462876283,-45.1165800690914,12.1993609601058,21.3403486593028
1,-11.5509801090996,-7.02323233398676,1.1264439738065,12.2661492946956,19.6463828198482
0,-5.83194186394954,10.3208872970567,8.25499664690893,10.4265205372855,11.4616182323478
0,-25.3576200608183,-10.7365459113433,-6.63988374528388,9.66849318353068,9.28930431801125
1,6.01254725759722,0.107324715267905,13.9722889159976,14.3259900525703,18.8033459033431
1,2.11196449390907,-9.61271413348006,21.202853009041,11.8393379236421,20.9284834954092
0,-4.47442593485486,-5.24819132117624,-22.4000466867827,11.5858100214363,12.6379565202886
1,-5.09266623601833,-27.3979175231949,-3.49316516102897,12.8963924889974,20.3998792388868
1,0.19313375367197,12.5473539658896,-12.2564195761426,12.8538595567695,20.2264122150136
1,-10.9772853449764,-0.920728209473898,5.17723830961075,11.5586651778809,17.1921901418237
1,12.8861226108623,15.3087148943303,-10.7689837093541,13.9840480898933,22.565660720133
0,0.61084762328054,-7.36430284707383,-34.9113445800675,11.3671533825977,11.313089045177
0,-3.51269392088631,0.766888695933894,-8.97800667571113,9.48589913521408,9.99697401968584
1,29.2754921133917,0.410399079903089,-12.8493704963797,11.2750041164982,16.352175795029
0,1.41577101228381,-23.0394309286379,26.2252071362941,11.3393603487196,10.6096716059742
1,-46.9274180666504,15.7061018754271,-15.5574144903141,14.002731054621,25.3676174045054
0,8.11991381816581,5.09514484268581,38.7690784130102,8.9694769558423,8.29382030509404
1,-6.3989732343581,2.23400101317576,9.38449855046717,12.0661500997377,19.5658060727041
0,-17.6660340125317,-58.8595931031444,4.2212614978105,9.80350057444278,9.23147150411475
0,2.98996771621455,18.8070198074508,12.4663142998481,10.3917785232089,9.92854605431223
0,-1.96139747529034,-6.34866395306809,48.0427659060238,10.2966508200323,10.3116198927254
0,-14.6595559031992,-0.298112322429511,29.5572558958819,11.8240647225783,12.481961989279
1,10.9466991814102,2.53925185233739,44.6531453966743,12.4646307069059,19.2455371572747
0,2.47449180286266,-28.6520531216108,-16.2187949771069,10.2738557503619,9.15600673009187
1,5.69905444686847,-25.3479023853689,38.8188033419643,14.3741766055646,22.568303736404
0,2.08416651178606,3.95111171422369,3.4037568089993,8.65279030071174,9.34554545287783
1,-8.13429151810968,-15.2796574515363,-61.7055887753087,12.4468303950943,19.4349297899185
0,2.69438593194097,0.311259750538183,44.7952131732615,9.11672126175093,9.07296930072699
1,3.95338223018295,-12.3946982054667,16.0478812243675,11.1295783026095,17.4494867304329
0,-6.60951142017445,-14.0851879655597,9.16983723527672,7.86360772923411,8.30816793513372
1,-7.17548382722445,1.82950013328269,4.61465711720718,14.0350101242678,22.9019198180986
1,19.1502944773906,14.2100151593543,-13.0385177288361,15.3093683068232,21.97499973672
0,-4.95642230341127,-34.2666400277526,16.2089280023473,9.83896987215661,10.9501357175787
1,19.7434075045597,-2.74860438258533,27.3841563466204,11.5841300200015,18.0770442599037
0,4.79103313347624,-3.01854681442757,-12.9292384532177,10.8113261872552,10.1620267883583
0,4.3779791746274,-34.3368507686474,-15.2670095109175,8.81583218924073,8.83866298477873
1,-24.3547524094748,5.58987529168925,12.4013812299248,13.9249835137153,22.2114688812175
0,5.97777581776993,-65.793985172207,-21.149644077845,11.8965169006996,10.7011573172983
0,33.8038327446957,12.6176282221703,-6.62090834607094,13.3997016584233,14.0263734149242
1,-36.9194357562486,-32.6224768925176,-3.1762006479271,14.1737254265429,20.2410721278654
0,23.8985346881913,-4.64336815564261,-11.7709200217157,11.4443164656128,10.5954372755028
0,11.1019944693553,-1.02382273756175,-38.0350744315716,12.3106974488121,12.3947234816875
0,-8.49382180050952,-29.8778729702199,-4.63376517339653,10.4290803647422,9.61078057264357
1,19.1012659130163,19.2682153581347,3.05482532346625,12.0357597029533,19.9154100246474
1,-18.4328599551663,-10.708923417783,-1.31941933235029,13.4346220525222,22.0919031931623
0,-8.97104437912444,0.0688258579715514,-7.95482638482655,9.51114146990181,8.77768862367195
0,9.4815844096315,1.64847406691455,-15.3675495647826,10.8721764815272,10.873136829315
0,16.3950545391109,-19.9681877602496,-36.1318120970098,11.2223072141507,12.0855908741277
0,-10.52606124694,4.72639589793207,-0.48023122052375,10.3747236379199,9.62446955350379
0,2.14793123350877,10.1147904843134,-14.0344475231902,9.34855339250785,8.98632371105569
1,-35.3866739920791,-23.325511384497,-15.8560604616739,14.266663764909,23.7239629923983
1,-13.4496383669393,33.1748069892237,-42.9632863963825,13.3801447740575,21.9248438512837
0,-3.37779787713581,-32.8999591367372,-6.29079130827972,9.78118418693161,11.4839798253022
1,-3.39588295933812,-3.07031384260829,-13.15401619413,12.8932532252497,19.3170248863221
0,-4.92883424025093,-21.990401507435,-6.79228544699609,9.94381128735065,7.24390999641728
0,14.580595737707,2.44514423361532,-0.609654462070246,9.00733700092951,9.9159838108873
1,-1.23718974043299,26.5462505867019,-51.2836233582655,12.4822280948688,22.5403880046101
1,-9.8955682864606,2.25677291554623,-3.30728721788954,14.7278211358656,23.4653906223514
0,-7.47268479250129,37.6925190692538,-20.0990415153125,11.2996150937071,9.35198042890319
1,-11.3693705250552,29.1085689167548,14.575809249973,13.361090244964,21.3543811411396
0,-4.00214692774374,-38.9379774751152,-4.90676193015135,10.4204336749179,13.2619724815682
1,-7.6767269834304,15.5825510267799,-12.6524231553407,13.205061757799,20.7557345188794
1,3.02953412873059,8.04678967664895,0.569132306467376,11.8938438401408,19.9278450672058
0,1.57110424060819,-12.3670642100482,6.1141149388196,9.97151418944144,10.0498165917072
0,13.9568673490655,-1.07999599920965,-10.29927746646,9.72258359723265,9.63395777114187
0,-1.9804167163491,9.7253089327134,5.50780209882428,10.095488185373,11.4167497681148
0,-1.40793339366448,4.6969685259407,-14.4983855897516,11.2812065034872,12.2982724634552
1,8.44262284236761,-25.7269598879111,-10.7029654609681,11.1448049349152,18.875759181371
0,-25.4198661573786,-4.32270107613725,1.49062216123659,8.83883440744025,9.86767062339198
1,11.2503830011686,-11.7073891551825,14.5074929222404,13.2177281526827,26.8046914445091
1,-11.6524096302839,-6.36829539054826,29.0114851799292,12.5440004016969,18.5319255688587
0,-6.8778517587552,-14.7739602180905,23.2177739074587,10.8335160119848,10.6694682224678
0,-5.44638599597158,5.45951609414134,-4.76047902235346,10.7498490210752,11.6907336663081
0,9.17914695038052,0.312617107020785,0.864969953154202,10.8244171314512,10.5246286974975
0,3.73080663592961,-1.35663608181859,-41.8709085724055,9.38712167410154,7.8276242266633
0,-8.69428790828201,-11.1151368949895,8.75021424676112,11.8038808491645,10.6006717015615
0,29.5268113823159,-17.0196495933092,-4.41163370950288,11.5096486392005,13.3552019886593
1,-9.86365870811706,0.960788174501507,-15.9203948727427,11.6304861913257,19.2358262211116
0,-8.18796290427456,1.13868677894874,-17.5466694466972,9.74866810958581,9.21535470807488
0,5.75588611913516,-5.03939240399361,-9.08563211444799,10.4750826391764,10.384900238216
1,-3.16386928653144,35.4167186501265,2.49105603466708,13.4981987405483,17.6179379711363
0,-0.00491839330373971,-13.5561149206423,0.810117689220129,11.8497117470506,13.6104687408308
0,-6.11503671306364,8.26334032965863,38.6043213585494,11.3293590290374,11.1953398060866
0,-9.69942496086966,17.5991967531575,-4.56926053557785,10.6964383724017,10.9581504728908
0,-2.82274106538337,-2.153176840503,-21.9707604544575,10.7145051905072,10.1090381047811
1,-20.0270951389792,-9.48590567242242,-23.0978606396054,11.6939015930651,17.2493028236761
0,-7.87860543935242,-10.583173994054,-5.80038986408853,8.77720936053717,7.79753355043938
0,3.40135175247081,3.72231165592633,13.4195997148377,9.87658768979215,7.94059494428634
1,11.4303298686653,-18.6532312182154,13.6088035148332,11.7018421655799,16.6757335600607
1,35.4417124929037,4.73397561271998,12.7946342323984,12.7649494128868,21.0470977119178
1,7.47914655530317,-1.54591061919951,2.89522059790659,12.38479156856,18.5192864974473
1,9.28315629919185,2.81008162020258,32.9376533052536,11.6957647090635,18.9821190052626
1,37.2338569981859,-3.49258253831629,46.7839977403094,12.8752669040864,19.2191763802831
1,-4.87098470084815,-14.3244183785421,-7.3093747502853,12.7820720067451,25.6133992265089
1,4.46623862176353,53.465104835146,0.844699964555277,13.9525502927706,19.4732459101166
0,12.117346666519,-6.18899581573055,-1.52443303677702,10.6252003900059,12.2768298992591
0,4.5048996920373,15.1475627616995,35.3478176406935,9.86873222800895,11.8340878862941
0,13.1041479749476,-1.04906422956416,-26.7819661142168,9.49675656543502,9.03106304501163
0,18.4322754968271,17.2532475604674,-8.8724139208161,8.83312814742072,8.145332111156
0,3.45990668527855,-9.07465560240888,-23.6093669615624,9.31118983456151,7.48770388413767
0,-33.6093645339583,19.168945284347,-11.7105220664684,11.4305851065639,16.0846416277718
1,2.3916364913797,-0.37841027680222,-17.4852624362744,11.8904673966791,19.3531952939774
1,-29.3099481277761,-2.28221305868287,23.001681999289,14.2048507149872,23.3276560215767
0,8.44742125655532,3.72220224660756,-5.91174788882594,10.1624457863132,11.982634480098
1,-4.46664188145595,8.46407935890605,14.6093745471746,13.4877938214393,19.9564885061421
1,11.2189718064872,-12.3267394611355,5.63747298105516,9.66468117294197,14.8879959628068
1,2.37810946158903,7.51685897176657,-3.89340018270983,11.9551465264858,21.0334553140503
0,-8.75091575867759,-2.70431040936945,7.33655424589924,10.9149888658722,9.82898048105281
1,-4.59337354822619,7.14332677272172,-11.5999062368217,13.3512365989923,22.0000861036054
0,8.5818735924783,6.48364773984289,-8.257415410072,8.93980492659812,10.1641828315716
0,13.5850630500889,-2.26548802943536,-15.8475707465843,10.8509496162198,9.50793186286611
1,-1.0047431519163,3.77876010337269,6.31791195436152,14.264167445856,22.4510095169319
0,0.184397249629536,11.8234125361013,22.1573272909113,11.3819678197963,11.7352882543772
1,-33.2898168069952,4.61279672898029,-1.85351063609382,11.9611749929034,17.0718197575259
0,-6.77054509487776,-8.21416564813203,1.95534159450644,9.79061695281439,9.74330497078416
0,-13.072695220133,-14.4563290585931,-17.4302739590673,8.91768234107792,6.62104706033228
1,-15.7545772053308,41.1669226698262,3.6018989688432,11.4310642539637,20.9537404228865
0,-6.21477196946577,0.596123605074981,1.78376629566292,9.511870824943,10.162243987759
1,-0.156279854340552,69.4502144412338,-10.6846857196874,12.7979563943032,20.8083110954348
1,-0.6602382539034,-0.973397391120583,13.3960946136296,12.3829575127342,17.6639287052576
0,-18.6714710665069,29.1695117337777,13.9269451800488,9.88832399099164,8.38389073370947
0,2.0910092395463,-16.714916604483,-30.0914393024371,11.2890126354276,13.1617566876065
0,1.72682666747095,-12.8656111721972,-14.0463116825983,11.2157540032032,9.54571818086702
0,-1.44014071684309,2.4256962135779,5.69717848219276,10.1126919879324,10.3398605876841
0,-22.7480275221836,8.52453533869878,11.7033294020417,12.0783131330845,12.7602476059203
1,-4.38531794754064,-17.0253480818473,0.713996556839134,13.0025383952133,20.5804566994765
1,-4.51120845701616,9.36314742590243,-7.6399641112308,11.5524887542623,17.4172431097143
1,-13.7179599250545,4.15283016007638,-37.8968224878242,11.1609438891057,17.8460842124834
0,2.45684808461462,4.03892563412867,35.3276586089339,9.54471273105113,7.47929778054325
0,-3.34977571359064,32.5760632657075,-5.662059250163,9.40165603435544,8.59828402494054
0,15.8127330773535,-24.4041809127291,-13.9387725826908,8.60148089601725,7.4672968452001
1,10.7843153724591,-3.18132813761546,14.0025813497618,12.9639242492858,24.1148048436033
1,1.20672805504767,1.44002583119557,17.0127389044801,10.0104692280706,14.2578168567313
1,-3.65447748949203,44.0700344419483,16.3619641000564,12.3760939384902,18.9784153564339
0,6.53222441578582,38.6855364718707,9.79127004276919,9.2051961304572,9.94207444654665
1,0.199746389157425,-15.2919269074932,-9.15777381851123,12.9494969358468,19.0886885680383
0,1.01500712906985,-5.48442260070857,-9.41034653406486,12.8209928263943,12.3774679321252
1,6.80522185552044,14.3443106271458,-41.4202258047482,14.3087847302849,23.0651575799286
0,-9.03966596672835,-2.54422598708104,-8.09078934877105,11.9535756055841,15.2235498685534
1,0.680586428956555,56.1560341537739,15.6847227902173,13.6799124675397,22.3248997190805
0,-31.1223396088307,-0.692892137769375,-8.28994207971823,8.97346911897207,10.5867520961383
0,-4.34668562352501,-8.23753029578696,-7.17815500687516,10.8557001363449,11.9200187452367
0,-2.46285042150171,-1.48111600509078,15.547695962251,9.63342011526752,12.3820725594195
1,-19.7588691301913,-0.341479909262899,13.908120816806,12.6884481887324,21.0813949508221
1,-5.09880726496104,40.7861860340591,-2.15414994585877,13.1485766727595,19.2486691536336
1,-3.81710590032226,16.2410009688735,-16.8792332345062,11.6380913274583,16.0956795272258
0,1.32618361528875,-20.1077748421379,12.7052671294315,8.77054898581021,8.04316149328142
1,-19.2979117329984,8.78413450277551,33.2578013462665,13.3768667560881,22.3920847391618
1,62.3759331119762,-17.0694139269942,16.3870802582993,10.902732997351,14.710136995129
1,5.40253870263608,-26.8280409197812,-22.9527161745741,14.2287022180018,26.9777349100004
0,11.1723703874236,6.36055156251282,33.0718305931952,7.94117700441937,10.2189813519034
0,8.0492838574743,-0.648086755363097,-8.44877516117882,10.7798670196362,10.6946270505999
1,13.1679718551719,-14.3101652247531,20.8147599026842,13.30914563889,19.9754416783912
1,-9.22382494207601,-15.1314129954893,8.71985656479537,11.3902692414095,16.0868894550617
1,-6.51664377825627,8.31871310305741,9.09319529194895,12.772677649879,19.2363324412231
0,-3.6462112332084,4.71606857126904,8.1807063802783,10.8131087019082,11.989656924368
1,-11.3009164326796,-5.4319824481818,43.0824941480505,12.1448833467013,17.8624309731801
0,0.808945660997192,5.17454885909361,9.93085881484416,10.6001276350269,11.5247634826759
0,-7.27124182192174,-30.1459003908648,12.0699313152473,10.473165636974,8.71697806204112
1,-52.6038010296951,16.7588965376582,-3.73579488030708,11.5905306197128,18.7895756837634
1,8.36217791827266,5.9068790450229,1.46670683959756,12.3377646922132,19.6776141998514
0,-17.6056781715787,23.1706905140254,37.6209618631123,9.24313936859042,4.47799005354429
1,5.58123235460292,24.6160971618303,-11.5082789865625,13.9284798137138,24.5429508689458
0,20.12666984595,-7.30396813310357,-23.2891299492718,10.9708102608441,9.44307306406516
0,-0.805772492543413,17.2952562042423,15.2919787868667,10.3810153323886,9.9978160530721
1,0.0757726892966626,-11.8681107929117,29.7467632853134,11.2076324975245,17.2259512970913
1,19.107851981573,-1.83533069816878,14.1860997853668,12.8187097203101,20.2152488554282
1,-9.38899550816685,-0.60531522752765,-11.9179294497125,13.2241194744473,18.7083460722742
0,4.29251403858747,2.26743975459783,3.27232024548175,8.38462512463003,9.36166141246648
1,-27.5414653913184,-7.16665588533328,21.7307525202497,12.3900460600235,21.3209795116576
0,6.25412472811315,1.44192858605941,0.263305213744048,10.8240044281208,10.2608022192153
1,4.89033542843262,4.02899185817279,35.3380914409696,13.3858708173411,20.1197829556826
0,-32.2784949477882,4.41998097465305,0.416330379095767,11.209128089885,12.2532344501792
1,-6.14317773423177,13.9555646978988,23.2550093967439,10.9449897804483,20.468359061882
0,-12.8615934345943,-17.0563661377454,10.3909268838556,12.1568855988149,11.4203399176929
1,35.2734542101604,1.97878386208979,-42.6715688882114,13.7810663604223,22.4495441786229
1,14.0641791946283,0.500037052339332,-46.695670426621,11.8348688940727,16.4359956916448
0,-10.7277026116284,-3.55893430597731,32.5487675910557,9.07842605300594,9.87460788459935
1,10.2422222507295,-0.713707582212988,0.516995081512254,11.1390921989049,18.5595009764238
1,-1.69727331155685,-9.70642440948999,3.93337739192893,12.3561513288026,20.0573831489845
0,-0.70168331126678,18.1627662012365,0.365227711075341,11.0403318382921,10.9096897216219
1,-10.5546207395823,-26.4737083691254,-22.8079961938876,14.4147338258707,19.7739081579723
0,-23.9922788408037,31.5674439898009,0.69383348504501,9.80519020109299,8.34169508694899
1,4.63867608997506,15.6048605916906,-47.3983739223726,12.9049624390482,19.9800241288811
0,5.5235098725419,49.6551569949688,-18.3276306779098,12.014731450895,10.7650956079816
1,-2.08459643406974,27.9911041146195,-4.48455260744346,11.8208958328239,19.4846202543907
0,-5.94614251276916,-9.50293241020321,-25.1675144914797,11.8756237504013,12.3493325857542
1,15.2041325111145,-10.8406442531203,0.857601402557965,13.0278449782531,16.7256930459415
0,-7.64823561463286,16.0478854025022,-2.07584481473403,9.49718424513811,8.26379904030769
1,-2.05279162332122,-13.9216668503486,-4.55413174068693,11.7459034115377,19.3356197707318
0,4.29441835827949,-2.92397116785072,-4.66118387890586,11.7790439651296,12.5745290985694
1,-35.7110023709118,28.4963075554409,-26.2646720840253,13.2380642142891,18.1895329426871
1,-2.68486504857041,12.7441403887816,-17.0074972436091,11.1080285227418,17.6901457771157
1,1.15535583672081,3.76943036210106,-4.07600060461028,14.0295640045284,21.403092495826
1,3.19141291096754,30.3926688650372,-48.3393505965617,13.5711747083819,23.0615256671089
0,1.46279024713265,34.5962555291566,-14.8251225784382,9.02733403438067,8.5582538405251
1,5.19572182536176,6.42962787101118,5.00994847337479,12.9312524290503,19.4694415741545
1,-5.62831428578729,5.84885963737258,3.05624006178647,12.0616035042984,18.4087023357903
0,-5.42626066438314,-2.99680932765981,6.67218824628977,9.72300269737273,8.48021900931379
0,11.544385829748,-44.4943672752948,8.52731071389187,9.43872934070154,9.75016980876925
1,-5.07385255663366,1.32536347404723,9.97491002398938,12.6553359527365,19.8237382629907
1,-3.32102818176035,-3.86804213418738,-35.8600134220773,11.9485857250593,19.9311174369727
1,0.854157068330395,-1.63276585831483,-25.7783044011886,13.4721752075226,21.9385204711352
1,0.327133282512081,-15.2934092902385,32.2868090733913,11.9080616003926,19.4505779661215
1,-8.69737421494745,9.07605253687307,-8.31868443872212,13.0879386398329,22.1950411403083
1,-0.81213777931991,-6.9227019685265,-2.16579398799746,10.5581229853501,17.5039753331459
1,-2.2671584857409,-6.83967841041019,24.0828748084073,13.2929712097755,23.2364610675522
0,1.56673493338057,8.7161666708215,1.24455915988009,10.4634685672853,9.38318276549723
1,1.16785330496836,-2.59070514386409,-5.92804283951506,12.8985973937356,17.7266742192822
1,19.9699523495217,-16.0998422011973,-9.10094811934411,14.1567540258997,24.1270213619035
1,-5.41629787880925,0.615717465608098,-1.57905803936237,12.4206746147957,20.8554024331122
1,-3.43013321224169,21.0316586102048,-1.62424490401891,11.3787082539701,17.1972271254909
1,1.90449543053715,-3.48865748949105,-7.9824174744329,12.9342868173897,20.5074343159229
0,-0.690907076055277,7.06582748956275,-15.3763937035399,10.7548100385479,12.1776910524974
0,6.57718171945204,-2.47266478179755,12.2781577539017,11.1452896525649,12.7896024851323
1,3.69176602219547,-2.76820731307663,14.8451936409383,12.5142458103055,18.6988294521838
0,22.498154427333,2.0278156497486,9.80520061971452,10.1036674577981,8.66961032447306
0,-0.830198475263926,-1.60920662878349,-12.3397708329869,10.8335993355064,11.1408043432924
1,11.4286759572827,-11.4189966508556,-26.3072509541305,12.4584988555475,19.7139207949749
1,-0.416598635679792,4.27729955713071,-30.0402082663901,10.7554168716171,17.3696607297343
0,5.3834872345569,-12.0193941986226,-5.17502799680163,9.64414020999468,7.88337249412796
1,-10.9667960965809,-15.2729879875259,23.1912325483489,12.4149371803067,20.7892624370101
1,3.47946506536498,13.199432329211,-31.0244103643607,12.5123720269162,20.1071055468821
1,14.3816292930133,-26.0824177807394,17.9118317610427,12.8543156328407,20.0120079599511
1,-26.9395469547873,-3.21717595273082,40.2791488904833,13.3499122053873,18.9761745320738
1,-7.24711209313865,-37.175896339806,-11.9133601619236,12.8571136433496,22.0033803178372
0,2.51618608488351,-18.395030972669,-33.2100020268173,10.8688910382435,9.71115496398788
0,3.31543625619035,12.4946893526901,7.91456666697382,9.68843409705216,8.03298110338147
0,-5.47051514916479,-1.76703468134603,5.95854669572374,9.95053774725449,9.54457893997253
0,-10.518280227297,4.94444023590272,9.02783781508776,9.87904983303303,10.0998977501833
1,9.12160116724552,-9.99190099654822,7.86995939453406,13.5926561498008,21.127802242133
0,37.8880219767208,-6.97843488119389,20.0953812052856,11.2940376594887,14.7511809881929
0,-2.90577223622418,-9.2213583602234,2.02208428991498,10.549033256601,10.7040867215902
1,-2.07756080714809,1.13596068767427,-20.2096386643564,12.0161312746174,19.1090988789367
1,-38.5157044650068,-9.0426266037829,8.889628564621,14.1704823799093,23.482723125687
0,9.75393717927672,14.4307625194193,-24.2456713618138,8.79974100671023,8.49082375389546
1,3.901948809243,-21.1745380410178,17.430356426445,12.3125951972666,23.4562202218835
1,1.82810892843,27.414912727956,-8.76164592898792,11.5641063526739,20.7617619575783
0,9.13583192701074,7.11507527746363,4.519612387157,11.0381672720592,9.07522993118853
1,-20.6488701955742,4.83662140869006,33.2824688424402,13.6473260209496,21.8527425549881
1,3.72252040414394,-14.6473657547788,16.140470952002,11.9814960891223,20.6634193301439
1,-0.333751843289965,13.3741408937443,8.88846361452174,11.4359377624604,18.1525445941837
1,13.7188374544722,0.242393783493706,-5.6996528160501,13.6536019993349,24.7174626468173
1,1.33909773756672,-7.84576285574058,-4.15150100339274,12.3752320523796,22.6229957160909
1,9.60380787297941,-20.046082297591,-19.1857873558903,13.1600322577813,17.9960628863385
1,-0.191974301725885,-59.7391484825997,46.8228081030356,11.9341924842595,16.5414035019789
1,3.51240623203032,-3.11367917961031,0.0715191800154975,14.3778383362855,19.4571905827392
0,-4.40757971793469,-9.50869247903597,-5.39245029471742,9.5491835594594,10.446404841219
1,-32.8303501455793,12.5465935130907,31.0752360165621,13.6243259217457,20.3051502568689
0,5.84976343728211,-12.6858836619907,-7.63532105915715,10.0804274186364,10.7823159963142
1,29.3533884487789,-18.4259036578462,-6.55265819368558,12.7829162482307,15.0412038596332
1,10.4378351255493,12.2844679801564,-5.14755326924578,13.1081319285025,21.7419429066226
1,-13.0738538086367,6.21790426527072,41.8610677682893,11.859708773395,20.1376485502275
0,12.2391379322468,-3.08853413354059,-7.87361162806862,10.9880580363862,12.0565597228024
1,-31.0781580712365,21.4680954166617,-5.49652626313489,13.5457158396987,19.8408471110188
0,8.27699277078905,-9.93220935211663,24.773296220527,11.8559953500853,12.7144067440413
0,-1.6678746435785,0.000151757443517382,12.1688812588536,10.4132789590159,8.55962529840775
0,-5.36937399530703,-13.6222824266855,7.63845338748823,10.2547137639486,8.1561421317181
1,-9.94759052220109,4.33673464113784,-6.4591519191447,12.8300998248306,20.1166766520384
0,1.98698348007855,47.1791825860848,-4.64568586653602,11.2840176830776,8.45875018601596
1,-13.1825338168501,14.7677424493586,10.6524089247396,12.5895669773798,24.1907712428431
1,26.3347309062243,-5.22916573537934,-19.7214871807175,11.7528816532056,18.2921188219321
0,1.27700913530196,14.3948550094664,35.5303481244443,9.79521560062839,10.0242421575045
1,17.8653623701086,-50.6293604027878,-0.835455028584912,13.3107286399394,20.1780182550299
1,-24.85766731614,1.95050173074695,18.3923783118347,13.0801396732537,21.7338311187255
0,-18.972024630476,16.5802498788378,35.3097190174759,11.4468228137001,12.415639490469
1,-14.4302315160072,-6.61923320510707,19.8809962940644,13.0131614523182,21.425694521084
1,-39.5036049173699,-1.5516807863953,-18.4729069198536,15.3538595030585,25.593595454036
0,2.62683799430057,-11.0599072448397,-11.526645785077,10.2381244068333,8.12836872592725
1,-5.57774566655946,37.8465179098274,-46.9336908367747,12.8322473943816,21.467559089125
1,-9.0676053306507,-46.1663273013008,16.5155408060623,12.2538346614361,17.4715789877887
1,4.96492461606162,11.7113270478431,26.2415944791529,13.9062080300104,24.1549099927454
1,-17.1923733693642,2.44995373624799,0.303304029941781,13.6917181025816,23.1453235891159
1,1.52506376477002,-2.07615331163644,-48.3286235840801,14.4101244889554,22.508049030513
1,16.8602620912522,-9.12721279279554,7.51436179196749,12.3197515737633,20.9264438845994
0,2.04422221521982,40.6774387349672,-6.15911423002045,9.67718335208697,7.55267196027711
1,5.81216216854113,-0.793924270831306,0.652890371240578,11.5879136172682,19.448518707581
1,-3.77746382221373,-21.277578925396,-6.12064900978787,12.8239413157557,20.5075896274681
0,3.41329171180868,-6.10787724534104,-8.18772546646366,9.57317537902468,11.2306274494634
1,-0.0458348567657593,7.82111598262999,23.5948333936458,13.5347680930502,22.1225159578269
1,-3.10056337386558,2.4239780254223,7.77533725201951,10.2171491292697,16.0946350652781
0,13.2848136471184,-10.0121562081468,-11.759671490051,11.0606188584308,10.4438772897547
1,-2.05089620085822,18.0572130477458,3.07106311388001,11.716998991114,19.3613837802402
1,1.55949818783674,-17.9190089085866,-33.5015597631727,11.1171104318415,18.4921921120939
0,-4.76209156086993,-56.0723515314707,0.267803835966694,10.7095295577741,11.7850111335975
1,-3.21443858974945,46.3862249391572,12.4139277462116,15.4870702677725,26.7523622040428
1,10.3466167627969,17.91584443879,-10.6551747029488,13.0060864554841,21.9312358980392
0,9.29741304811998,-15.111247990031,27.4971917438457,13.5448941930251,12.6681916834165
1,14.0473589905144,5.95345143299553,19.6898022310573,12.4292499949083,20.5207286947195
1,-4.11048974440764,2.52565749710983,2.31572700321167,11.7041932921601,18.902503571492
0,8.68668493311132,29.4670217006826,11.7577965660897,9.27105056655389,9.59021672482239
0,44.1747645412372,17.4332408260758,6.98554643678165,10.5343126828745,10.9870299957139
1,27.9351775627686,-6.0994009447205,7.52960405233984,13.9886562006787,21.2883124105118
1,-9.2387817482705,2.87342498203475,10.9438736894927,10.6546882878724,17.6816032746272
1,-9.4727408505845,18.0307040434588,6.21154806897493,13.6395712422503,19.514115892597
1,24.3219613053771,16.3553290388534,-38.5848254812109,14.0910374963695,21.6626653973518
1,7.61397483488899,0.913956893966419,16.1519010737842,14.4375183120623,19.4985016438383
1,2.72655483095448,-1.24672289872212,12.2748025982582,11.0261095472529,20.8349109135321
1,-4.34248999735607,-7.94164885100767,-14.0122082859783,12.8337544107056,18.5706715418645
0,-31.7145699693092,5.62826200476474,-31.6463906100317,9.51939791179321,9.32009501994018
1,-2.43058981113323,12.7535811879652,0.550811122446645,12.5244381618819,19.1629106806165
1,-7.36256470494527,30.6734680625636,14.592722779651,12.4431094447409,17.6596253961504
0,0.0169871408336835,13.7039292562451,5.65305854622287,10.5035070352025,10.2048726759738
1,-3.16312450060786,-6.8916497006381,15.8042325494127,11.8971699428024,20.1947066478594
0,1.53956498185035,11.2112072095955,-0.182444050980671,12.8912571530384,11.9034755137112
1,-16.807449389912,-2.89701964663485,20.3107561217476,12.0715815991948,19.7281160205392
0,17.0494022259451,-31.4858740801281,30.8286062034273,12.4558122184736,10.7613963031734
0,5.69609286025352,-9.79015790676956,7.37401056754578,9.38562907378384,11.2521543087343
0,1.22156893403092,11.381688990176,42.1720476044863,9.8217793262849,11.0032810990915
1,10.5540455425695,-0.603697344814259,39.6039524725508,15.5048350557851,25.9351610052406
0,5.83350239144836,17.5899185261695,-12.8614900980153,11.8794691662013,12.5225008535205
1,-22.038267172784,-4.60551496271289,-4.42208402202873,13.1188333253152,19.8987755087927
1,9.5736541682431,5.44296911407886,-9.11292570503319,11.2161407456877,16.4530533391417
0,-4.93406251474198,-7.02865354166897,-29.8537341632046,10.0363599213349,9.28714788134944
0,4.74358512110931,4.36568173454993,-8.28918004126849,10.4198963117126,9.96159425335768
1,2.74948231088597,18.8312672767589,-37.2029700020251,17.252989275397,26.1005413578376
0,-8.37809434735459,6.94108707871158,-7.39342055174921,9.82705179739243,7.98868683440778
0,-5.30672695221064,33.1457274549501,-6.85514464087962,10.0015962614145,7.9180525583803
0,7.98355869142731,50.0436386938074,-1.98393896210159,10.6395698234612,13.711263272043
0,-0.768735583624277,-7.17810813755215,19.7541842452765,11.44755337561,10.7041563864831
0,-11.2731293136829,-22.5248298026608,3.13820158357464,10.3684886766758,12.5958127888383
1,4.18994893170685,10.5813001971771,-32.6988642308344,12.5116365915111,21.7519999888403
0,-8.34862204379609,-33.2208389407955,-15.698070408971,11.4976218327983,10.4605457585237
1,-14.1534275864628,3.23658733964579,7.31055782380449,10.8370101332687,16.655817552337
0,-20.6777678498126,45.5537112182934,13.7986471332549,10.9007669499458,11.9407235603192
1,51.3134051463405,-11.8895806617765,-11.1303687707026,13.4075339460461,21.2749378916882
0,3.23513620016923,-7.51889906087096,5.15374657610793,11.0390729884293,11.542064785163
1,-7.66657725778858,-17.7240492866214,36.8308493278904,13.8797600575788,19.4522314922187
0,0.949580160438635,-5.05328430969892,-3.96731386444128,8.93704006743466,8.26549385503057
0,13.8338260579278,3.80550514283919,3.8106664681002,9.91266638440583,9.38086106925384
1,5.11126428505734,-16.9389089807908,9.79532956552002,10.0377075390569,14.5466096415047
0,-5.59627258393752,18.9672429364416,26.027922204152,9.26849851847895,6.4357455179982
0,-4.29021824659189,-1.29842092196023,12.3240335819588,9.25710457067414,8.86031033879091
0,6.92898668703035,-13.6332336251508,6.03544902907784,9.83020246820834,10.1064232808004
1,5.60630685876259,0.41837483607229,-18.4099794945294,13.6039964621534,19.740686881513
0,8.58797318723226,-16.8480450656386,16.2371115986427,11.5897270485075,11.5074250242936
0,-3.31621601466686,10.9571333684935,-12.8935456154607,12.837432447099,15.5143301264614
1,-3.36393229422036,2.03717035176639,45.0394971449737,11.768338327747,17.5915193097588
0,11.9661571660084,-9.29369556990498,-11.5291974208139,11.3492442503254,10.6040972935437
1,3.24009459929775,16.1369659405634,34.193682940795,12.5759904661314,20.1699213992145
1,6.55195825608388,-2.68983060194938,13.9158519513098,11.8044428587123,19.5167615109645
1,-2.67259379621043,3.33617968510277,14.4778204713923,13.9856372953164,24.7884013972517
0,11.6815774766894,-3.17035591980465,-18.8560988666027,10.5654045046282,10.2002404866826
0,6.82635437969802,-10.889762539954,-4.40022725851965,11.4087574718914,15.706504459795
0,16.6786344661691,-32.140393101789,18.991239322022,11.6600466031925,12.4106177989489
1,25.250642936644,-33.8948137706359,-9.31149467243153,15.0443484488203,23.9376691494252
1,-8.81011194010098,-4.84044306202727,-11.3609345556861,11.9357407743958,19.3074407128887
1,-0.627328621817715,13.3216856300513,7.98805695227697,11.9715108650949,19.5369492462703
1,-4.08855383231024,15.2521684194525,10.5915266592973,12.7574558312646,20.4763506147028
1,-1.87119033819084,-2.3634533620936,20.2005629001543,10.4193553670822,17.0104047772879
1,-7.66539756906778,-0.657349362763813,7.00859296874091,12.0494116307576,17.5133906914939
0,0.329782997543907,7.46696809669997,-19.1047629033633,11.7722592220881,11.0565854109305
1,12.8850579182883,42.1652454301713,-20.1479425409094,14.4785830588451,24.0653500211087
0,27.5512276172747,-17.2154079251502,8.23396029882275,11.0988923905499,11.2362338883936
0,34.9511788307174,-18.5517348468818,-34.4887148038726,11.3899158886189,10.326288722786
1,-14.8023742772724,-6.40864334595092,-60.3431428652834,12.1270600248965,18.8159493551352
0,-35.4996785741867,2.5955532985019,-3.23096872708832,9.89066697450289,10.2494599919821
0,-7.75904511296779,-3.22894744020548,51.7747961945654,9.00576661095045,8.41303074820619
1,-19.899970290001,24.2144521396078,-23.8023635114073,14.3003468325181,19.8239483650662
1,1.1966577114849,-23.4437904054052,-70.8749123618503,11.6844957934161,18.9077773921118
1,-10.5043193471022,-3.66709569092463,4.84469372744041,12.3153295893276,20.4518397833357
0,4.19973591539723,16.0000393016263,2.37062819018196,8.84016991369935,9.16359901016819
1,-20.8030904513469,-16.1884625623719,20.6698921661945,10.6652181674365,16.2461770585243
1,-3.67775765761595,24.4051916306742,13.6049709929455,14.0960275232848,21.8163421932369
0,1.88592325036706,16.9519731113115,-1.84526148192698,7.22178157297217,7.21034978407646
0,-3.84753064727539,-7.69095903215522,19.2186524966894,10.1196613659573,9.7486984946594
0,21.7132943575853,-2.29073437773533,-57.6036499318496,10.4899382239893,9.69612864632162
1,-5.09478359281445,2.56442368178186,-6.94939053328721,12.3748594769445,19.6798434286997
0,6.33297566992013,41.0195821973782,-7.8771384478958,10.3210527528816,6.60903096461396
1,7.48903636372167,-11.1400737445894,-15.7689298602785,11.3961264766685,16.4984798402304
0,1.17841849244627,0.604748018210411,5.7760155207329,9.39106237345025,8.74494075914831
1,5.32383794962128,10.5072427954458,28.9977866340603,11.7445003254184,16.6453331769512
1,13.8495332686609,-2.05243088742675,7.83446568166798,12.5281630961119,18.9745194241971
1,10.0953155492913,-8.2633159879372,-44.69988592494,10.3848002506438,15.8957152813539
1,10.1538678978865,-40.1024775283198,21.2305312624737,12.8952021529259,17.8990298733504
1,-8.95764128969581,16.5678275523963,-11.4723809260904,13.1822129128016,26.8847717647171
0,12.7161397261669,10.7091886762506,-3.5569536154462,10.045953456857,10.0835012873248
1,-7.41896162214781,3.79089237176688,-1.8602410519158,12.130578142085,19.4406093450178
0,7.09144849965015,-2.32534061792263,16.173114002086,9.65818371750307,10.7007191481676
1,17.3754768521404,-6.58376126839369,-2.61019932588155,14.2782393948464,23.758523221795
0,-7.33568195172485,6.00861683280096,20.5159784680705,9.06704715066819,9.58096832142102
0,20.3993927241223,23.1430159338802,34.0248105708745,11.5844502173498,12.9578695494657
0,-19.085374068501,-28.6090517465661,2.13597377791079,9.94820086516608,13.8903709136254
0,-13.9039547421598,2.52326447709586,46.2930168783638,10.3103637899221,9.31316754011212
1,2.37561642517654,-17.772482284393,8.04303710031868,12.0650534477319,17.2613766024176
0,-13.9831438500676,-12.4695510384963,8.75444018891574,9.14230881438619,9.7402097645604
0,-9.51364786113117,35.5845422157255,-43.8223721525528,9.73969360411462,10.7175979776528
0,3.14968901940458,-2.06555238984747,14.0548762689441,9.07121869826837,7.25663255335462
0,3.51273115107876,3.17087548723459,17.922438389138,10.2396545595814,11.6381525909272
0,5.0475511615116,-12.4681070399905,6.92379639391161,9.79466142344047,11.0332200330383
0,1.55717829593759,-8.13911547397185,-7.89013188476885,9.88695098160912,10.7488605596951
1,-4.47064810741,15.06319958734,-19.117818803205,10.5439356080117,16.965669611777
1,-22.9705332529171,7.16434666410151,5.04900018475083,13.9453614337462,20.1012566351162
1,-34.1078961230034,3.47903506958365,7.99377053369349,12.2224486521682,22.676728173294
0,19.8355926031509,-23.0343887801093,1.68603834025083,11.0853997431477,12.3533970542598
0,-4.03029872339852,9.40010573474469,-6.12995209343526,9.44979421423246,9.31697020845782
1,0.697779534890557,20.2273479469657,5.15073906776154,12.025442549652,15.9468053282565
0,-3.52002416359248,25.1877087951235,1.13653989154904,9.97935578405077,11.1647835264723
1,-0.981338518268958,-6.94920114717742,22.1452979637431,14.4395035733549,21.0638359696451
1,5.57519870190898,4.85663693964616,11.6105065454576,12.174225233343,18.7038862785034
0,10.7888002233148,25.6762851664569,8.77611430839459,8.88397818706114,11.4106297644223
1,-23.1070450832912,12.7593439005873,-6.64772578344979,13.4219724522436,23.7475540712904
1,13.314731948342,-0.17402864004023,1.54298918826068,12.0797799580098,18.6857456304674
1,2.15479281551502,-10.3115045599379,-22.4786277150678,12.8184736504451,19.389275731789
0,9.27849120633099,-5.57930823026772,-6.33727437152091,10.8836022606645,10.5996187863866
1,-34.1675072382707,-18.7543640595181,-2.46111122299455,13.3117128372503,21.6891885055997
0,1.26689527712472,5.56439367220093,-9.6747757264852,8.62341029900574,10.1836439676597
1,5.40975098213252,-32.4561744038719,-1.03165032145825,11.9732185834121,20.6321731610824
1,-5.5290695227534,8.33193877843915,-14.7359742386598,15.3517606986263,20.5963490303811
0,-3.29098906929788,0.326242693348039,0.897008544385112,11.276304591761,10.3926114149261
1,6.98218029491285,-1.76773356105839,18.5847315410817,11.6227264303327,17.7013920743289
0,10.3572144068079,31.9827989545539,-9.8295331272355,9.90217700263955,8.75475901635443
0,1.57831374822122,-3.53091966092917,1.35560705003237,10.6567604295784,12.8558156901233
0,-5.74984218954179,-24.1640464697806,-2.05494102080479,9.68687455109573,9.57160259986304
1,3.28511934147158,-9.0958143901738,-2.72998133034115,9.88998513804222,15.2648343661386
0,-6.18113094180053,21.0969043288094,-1.14200234849596,10.1589808346192,8.57934112757673
0,18.7276806106472,0.741648086493444,-1.4490970456811,9.65022359617189,11.9093861195176
1,-11.944597934034,-13.5324442117714,23.1034765551796,12.0166702484306,17.5599567566456
1,-13.3354702478739,-58.7190711671515,7.983037684077,12.7833834642289,19.5241979593866
0,15.1401221795069,-0.631456883410181,-2.88705445487956,9.12449749123548,7.03567476847009
0,0.666012014682151,9.47865758371847,15.3839665940086,9.76546224573369,10.7291964717346
0,-7.74747261906149,-1.31498456116573,-2.73443354820144,9.45850157245775,9.30357424741409
0,5.75230980901678,18.0403604700817,20.3745452534555,12.0074487490087,12.3539463165919
0,4.11934022279805,-60.6245911268916,58.0956575926904,10.8964120677284,9.55764856653466
1,2.35847936188593,9.72071282646237,-39.6650235870344,13.1061726245364,18.9372898019198
1,-0.331186502071141,26.1209225156928,30.0054141130593,12.4805339287307,22.2805376382994
0,13.8002858123021,4.17582180480389,-36.2724392066347,9.22931692031409,6.51259897397853
1,1.27167278800514,9.51363735688205,11.3461897183869,11.8926418961641,18.7347001238836
0,-6.47208716738745,-11.9492685240564,45.8370402083441,10.6510556868155,13.4129912092411
1,2.20075303685837,5.3442608285898,-20.4384098042581,12.3816915805173,22.1243151235857
0,-11.6534231998417,16.4530173576402,7.74557553511669,10.8025322797564,10.6599413919774
0,0.0482648382957859,-3.71010149986075,-19.4249396068673,9.48155638629386,7.68559441183786
1,-35.0100973693866,-2.45411866520884,29.2656541077809,14.1237279421925,22.2328252291
1,23.1815396280814,1.36413226285849,-40.5801934115653,12.9865535864526,18.4649339407806
0,6.86458462658846,29.5636827518201,-20.6531128180995,11.2164166011982,11.0448877936992
0,-1.17508416325822,-9.71148909485367,13.4273295765731,10.0607620054373,9.62466565001029
0,2.17963394586035,-38.2407912412269,3.99128446717576,11.4080404900894,13.1738412397275
0,6.34536956851006,0.720887313690419,-2.16347208128439,10.753018494903,11.320925340241
1,2.79163200710525,1.64978444125614,31.2145882838743,10.8152643466325,19.5836732645847
1,22.7527819716637,4.65519770680493,-35.162903241531,13.2738835160545,22.7365386209951
1,16.9049630754974,-5.15191866410139,20.1872927524915,10.8278214149665,17.8506545326267
1,7.23880713239544,-0.119800457677166,-12.3058476534289,12.5851095918931,19.3133578317221
1,-15.3050061855992,-30.4661785112289,31.7326602469651,13.9406651667418,20.428918015543
0,4.06260246913508,36.5846029928683,-13.0032107714326,10.9210378987625,11.8554627309652
1,-5.65022892296004,-4.16502666025328,-1.30937719660763,12.5084641962849,17.4642442570722
0,13.7786045044626,-1.87184839301877,-8.17706808460171,11.1530910395673,9.59519979080689
0,-17.0371440752645,21.9428136134304,3.37274940471979,10.2948207925172,12.2652555792344
1,0.926617692020631,-4.69543511665872,-2.44174600246944,12.7046252916717,18.7190003796487
1,2.10966663463233,5.07776854379017,-24.3532450027807,10.9413741294021,16.1643281776458
1,-2.27144890055808,-3.60802345825241,-35.5133235585413,12.7617590629172,18.4681372274936
1,-4.8749753631871,12.8850861232252,16.7272124974714,13.2088707432843,19.7139312410635
1,-14.2675604009711,17.3569743772271,-7.32719727532868,13.0396973474788,23.0353458015706
1,17.0101591684041,0.791109920838632,-24.3061039427348,10.7384690351449,18.1781118695651
1,48.2206097683552,1.02331283894132,2.50572007779949,13.2677152495055,19.0595197756046
0,8.26691680366361,3.91705658282408,22.3388043545531,11.4502946700167,11.1510222185104
0,7.80626200960793,-18.8766069951463,-5.23172297348333,10.0889730714269,9.70460414949817
1,-20.6317045928071,-1.20999143540685,50.776234082234,12.7910503584798,20.1214549117633
0,-4.22325022980474,15.5918222555559,-2.08326662885232,10.6338137648393,7.77003674953174
0,-7.8007569055844,-6.51142897413854,11.8172062580416,9.71111361388252,12.9072428125958
1,-8.17267164389031,-2.42475311655552,-34.4932887111806,11.1603135605557,20.2856703767004
1,0.0206882138978199,3.03930875953205,37.8731899542655,13.0786665108918,22.4850034552684
1,2.59569253856433,0.626182244105413,29.315824056705,12.0445964497203,20.9919068009188
1,10.276234027699,2.99714307391423,-21.2845122320802,12.1066263326909,21.9055262121423
0,-3.23284318277016,-10.5062821247219,2.03545265130406,11.3518327963781,12.4249628862259
0,18.1507272187655,-18.7442974218166,2.22986806541222,9.29579499018115,11.2260140893742
1,-25.2128603264231,0.857041603629041,-31.3838961807492,11.4898769564355,18.3088622812651
0,-13.2129817712086,9.06691542594262,-38.2527019864136,10.7174711972295,10.0800804817166
0,-5.66942092909194,15.9884546125704,-5.09714219972943,12.2003530673352,14.3433071799305
1,14.3768721547078,-3.69792637459631,22.181782720005,11.9043336857949,19.1096094091541
0,12.1900759273967,-6.05236231137019,-2.87871080641197,8.79349099140559,9.66881832261681
0,-9.8551836418495,-1.15210864744609,-11.1649773571654,12.3960957623728,13.0814185877584
0,2.47047603131614,5.74281375194848,-29.3767433290279,10.9965800059583,10.5588915951714
0,11.2949100094239,19.6015172529947,-15.9478543291128,11.2829480625018,12.0258188571268
0,15.427612043503,38.9503315156571,11.0105214684795,10.2864807455656,4.17288727476497
0,-15.7229753161408,-8.84241427325085,0.806799111313473,9.29589466933453,9.38083754382032
1,0.133346530292608,-44.463844482165,15.7519790445336,12.4675905263536,18.917206384787
0,12.7030805244003,-2.9159336153708,25.0189271852431,10.1802099971139,11.1142644590108
1,-28.8098050610266,-2.34679652730196,2.11815242251545,14.3030399476857,23.6384772233724
1,-27.8531378799334,-26.4677369929066,-17.4438466873524,13.2763989189657,20.9072342781903
1,3.19315738718844,1.86373281631149,11.0748431603629,11.5787849187509,20.3852206164977
0,-32.8955582151583,-8.07723588479328,-11.6773407562795,10.5932914793806,8.86725377135224
1,0.822499105404128,-0.86150549957814,-16.3565292585969,11.6047910294492,18.7120306437561
1,5.29548027881162,1.19816129980038,-2.80906961837845,10.7389645179107,18.6869089424769
1,-3.92178537613273,1.7806999253272,-24.5654101233353,11.4291828967738,18.6434400209119
0,12.0181700315579,23.2833699244018,-19.4315696405342,11.3026363140635,11.8616330931742
0,13.4852910441208,11.4970684498944,-3.43718088519615,9.46083036127302,6.21626177768814
0,-9.63868961419903,12.3520554892245,22.5596973187299,10.7934942221189,6.75342564573426
0,1.216289997211,3.40717582611728,-8.9884071315438,11.0702337307939,10.3726793008234
0,3.52836213632108,-4.82562115050259,15.5036050579324,11.4481685664957,13.2151371849335
0,-0.583184925823877,51.0589500821701,8.43998562961912,11.5031217447074,13.8838050665534
1,-5.00826686759658,-3.87552671008493,54.0446290870735,13.4467068203149,24.7412528469415
1,-2.29817974488076,-21.6722303542659,40.0991909281623,13.4813017168627,22.6154777667079
1,-44.6901579696032,16.0789507485878,-38.8948367528362,13.5214124269829,19.2963026240877
1,-18.357303131363,-22.2029585245039,36.5868390440589,12.8350115954722,17.8096809699199
1,21.3413113399879,-26.6490725627946,27.5743692903324,13.0181527739505,17.8724927144601
0,1.07975310249543,-1.28720608655253,-16.9603360233024,10.4478626907398,9.53520488376205
0,13.2916788660589,0.0763648517098725,29.7196298169453,9.2481805126851,8.45466050735795
0,-6.98778226939843,-8.16763450405115,16.8674666173462,9.21617864310524,8.05950705018209
0,7.29144137376701,37.6107954947713,-3.17355367339698,12.8023145415201,12.4884948183829
1,49.8513852393711,2.92800843906553,-31.7767747379867,12.4570465523701,20.1752946822038
0,5.79422625227709,-7.54153617825859,-14.222250962551,10.4463690698838,10.9880049364826
0,3.75981959731625,9.92237319585759,0.518840992933531,10.6218578954306,11.2239965627774
1,-8.79930866849577,6.43662240298487,5.1343921390574,13.0869405257902,18.5090999130499
1,-11.7061417389231,-5.38024420765438,-14.9296683356126,13.8535243779628,20.7815546851088
1,-10.1858283913929,4.73304864696365,-30.1284526486685,13.445114494973,20.8335689929974
1,-9.92466390054234,8.90655101472015,25.8562592435364,12.3049137041097,19.0154428418135
0,-3.71391728508074,-7.92133587635722,34.5142691141915,12.8145009438234,13.8730169058216
0,-1.08036072219506,20.5344331543189,-8.61797085261486,10.4853110192757,9.95727112966753
1,-5.30437225143909,-49.5954092814845,1.40903860422498,13.8664640810226,23.6782258505411
0,0.0543851168541009,-16.6988730899248,6.72394219467049,9.87363600424311,7.77611160540454
0,11.8758562970482,11.0601317524048,6.22430029767954,11.1929389692972,12.3915469199742
0,17.5127910634829,-4.84129875541731,2.67628668569931,9.52324781369729,8.48587437591728
0,7.41971615569887,-0.912520355328908,-5.65047907461969,10.785609479987,8.78680194790141
1,12.4568382635959,-1.54719314435116,20.8458109541744,12.1948894461505,19.4872748629498
1,18.1522743067758,28.7976236805199,-1.11455695525576,12.9714699206063,21.4354326736789
0,-25.5806333612428,18.2509334274243,11.8698553366116,9.1076904613347,10.6495152574479
0,13.5258288886834,6.0071427202684,-2.62644795537985,12.8670425990112,10.0868028880013
1,-9.2784625707847,10.8737680531355,-34.5188595103634,12.1621518431422,17.8728165076695
0,5.9593866748644,-44.0895284266993,17.755775258497,11.2490830812583,10.7937943223254
1,-8.04830748023976,-43.1277028172787,-8.40501931340204,13.8788811898952,22.4558115531958
1,-25.5907036548859,-19.4208521808458,10.4881006890901,13.2924226821853,23.8061681241082
0,-2.10269566761379,10.1748781285925,-9.79692808015197,9.46691295773365,12.5275406467248
0,13.4157142015196,-17.077860211749,31.8546174514163,10.1233795629864,9.77984673113541
1,10.7195562672318,-28.4751844912578,-3.53087608812926,12.1932628573746,20.7465864307428
0,3.98239607245973,5.08314439229927,12.8863015740316,10.2265960591526,10.8353816358271
0,-7.94019717999923,5.39049644193602,27.5061800684056,10.9741292917586,7.67617874590421
1,-29.7503505895959,-13.8116107055378,1.37665625850629,11.5869872641341,19.6177324968908
1,15.4515946134092,7.88253877003534,-12.9746107577677,14.3066641115917,23.2822613981844
1,-39.7235064863572,25.6286695576027,-28.836459137286,13.7457855974327,21.3559074854591
1,-13.1876975259385,3.25100855707072,1.07259839405323,11.1914798583744,18.2808823793129
0,-5.58833824155426,-4.55830270992673,13.7564629973734,9.61597379791519,9.15393869794408
0,50.1453921505233,9.45316807019193,27.4040253604092,9.32444304881851,7.69518910085646
1,9.86109353369058,-6.65970845998168,0.0857379769454236,12.3093573467874,16.3441672990903
0,2.43421750239197,-38.5812635393393,8.10416298014568,10.6265565758187,9.72206622557993
0,-6.823665100729,-14.3939296123398,1.04321476828359,9.72913454619708,9.12684190212391
0,-1.48571482125404,5.1718186509927,-8.8486562130734,8.7907029820022,7.45529565692677
0,-6.95607659762124,-9.38880509333932,-22.1811297181893,9.52055450563075,9.17327764011879
0,4.36563732364329,34.7199746381871,19.107695008049,10.8468954404938,10.0474625822062
1,-5.91420064994581,16.4918032007337,2.47598987658245,9.72004058932502,15.7954979131363
